City,Country,Procedure,Clinic Name,Address,Phone,Email,Website,Price Range (USD),Notes,Certifications
Bangkok,Thailand,Dental Implant,Bangkok International Dental Hospital (BIDH),"98 Sukhumvit Soi 2, Khlong Toei, Bangkok 10110","+66 2-115-8977, +66 95-517-1587",contact@dentalhospitalthailand.com,https://dentalhospitalthailand.com,"$1,500 - $2,000","98% success rate, ISO & JCI accredited",JCI Accredited
Bangkok,Thailand,Dental Implant,BFC Dental Clinic - Bangna,"347 Bangna-Trad Road, Bangkok 10260","02-396-1075, 093-581-0701",contact@bfcdental.com,https://www.bfcdental.com,"$900 - $1,500","4,600+ implants/year, in-house lab, JCI re-accredited 2023",JCI Accredited
Bangkok,Thailand,Dental Implant,SmileBox Dental Clinic - Thonglor,"1223 Sukhumvit Road, Watthana, Bangkok 10110",094 975 9666,,https://smileboxclinic.com,"$900 - $1,500","VR therapy for stress relief, Invisalign Platinum provider, Sha Plus+ Certified",Sha Plus+ Certified
Bangkok,Thailand,Dental Implant,Bangkok International Dental Center (BIDC),"157,159 Ratchadaphisek Rd Soi 7, Ding Daeng, Bangkok 10400","+66 (2) 692 4433, 02 245 0055",contact@bangkokdentalcenter.com,https://bangkokdentalcenter.com,"$900 - $1,500","First JCI-accredited dental center in Thailand, near MRT station",JCI Accredited
Bangkok,Thailand,Dental Implant,About Tooth Dental Clinic - Siam,"8th Floor SIAMSCAPE, Siam Square 1, Pathum Wan, Bangkok 10330",+6687-555-4665,,https://www.abouttoothdental.com,"$900 - $1,500","Two convenient locations, Daily 10:30 AM - 8:30 PM",
Istanbul,Turkey,LASIK,Kudret Eye Istanbul,"Sarayardı Street No: 3, Acibadem Kadikoy, Istanbul","+90 541 457 50 15, +90 444 4 544",info@kudretgozistanbul.com,https://www.kudretgozistanbul.com,"€1,390 - €1,590 (both eyes)","TÜV Rheinland & ISO9001 certified, Carl ZEISS Center of Excellence","TÜV Rheinland, ISO9001"
Istanbul,Turkey,LASIK,Bati Göz Eye Center,Istanbul (Multiple locations),,,,€1,200 - €1,400 per eye,"TÜV Rheinland & ISO9001 certified, Carl ZEISS Center of Excellence","TÜV Rheinland, ISO9001"
Istanbul,Turkey,LASIK,Dunyagoz Eye Hospital Istanbul Etiler,Etiler Istanbul,,,,"€1,200 - €1,600","Private single-specialty ophthalmology center",
Istanbul,Turkey,LASIK,Memorial Şişli Hospital,Şişli Istanbul,,,,"€1,500 - €2,000","JCI-accredited multidisciplinary center, patients from 92 countries",JCI Accredited
Istanbul,Turkey,LASIK,VM Hospitals Istanbul,Istanbul,,,,"€1,200 - €1,600","Private multi-specialty medical center",
Istanbul,Turkey,Hair Transplant,Vera Clinic,"Kordonboyu Turgut Özal Blv. No: 47, Kartal, Istanbul 34860",+90 555 888 81 23,,https://www.veraclinic.net,"$2,000 - $3,000","30,000+ patients, FUE & Sapphire FUE & DHI, 11 miles from SAW airport",
Istanbul,Turkey,Hair Transplant,Dr. Serkan Aygin Clinic,Istanbul,,,https://www.drserkanaygin.com,"$1,800 - $4,500","28 years experience, 25,000+ procedures, DHI & Sapphire FUE & PRP",
Istanbul,Turkey,Hair Transplant,Smile Hair Clinic,Istanbul,,,https://www.smilehairclinic.com,"$2,390 - $3,590","DHI & Sapphire FUE, 4.9/5 rating on 2,000+ Google reviews",
Istanbul,Turkey,Hair Transplant,Cosmedica Clinic (Dr. Levent Acar),Istanbul,,,https://cosmedica.com,"$4,260 (DHI Sapphire)","16 years experience, Micro Sapphire DHI, all-inclusive packages with 5-star hotel",
Istanbul,Turkey,Hair Transplant,Clinicana Clinic,Istanbul,,,https://www.clinicana.com,"$2,700 - $4,200","FUE & Sapphire FUE, known for natural look and excellent results",
Istanbul,Turkey,Rhinoplasty,Comfort Zone Surgery,"Göktürk Merkez Mahallesi İstanbul Cd. No:26K D:1, Eyüpsultan, Istanbul 34075",+90 533 954 70 06,request@comfortzonesurgery.com,https://www.comfortzonesurgery.com,"Contact for pricing","1,800+ procedures/year, all-inclusive packages with hotel",
Istanbul,Turkey,Breast Augmentation,Comfort Zone Surgery,"Göktürk Merkez Mahallesi İstanbul Cd. No:26K D:1, Eyüpsultan, Istanbul 34075",+90 533 954 70 06,request@comfortzonesurgery.com,https://www.comfortzonesurgery.com,"Contact for pricing","1,800+ procedures/year, all-inclusive packages with hotel",
Istanbul,Turkey,Brazilian Butt Lift,Comfort Zone Surgery,"Göktürk Merkez Mahallesi İstanbul Cd. No:26K D:1, Eyüpsultan, Istanbul 34075",+90 533 954 70 06,request@comfortzonesurgery.com,https://www.comfortzonesurgery.com,"Contact for pricing","BBL specialist, 1,800+ procedures/year, all-inclusive packages",
Bodrum,Turkey,Dental Implant,Comfort Zone Dent,Bodrum Turkey,+905365780999,,https://www.comfortzonedent.com,"Contact for pricing","Lifetime guarantee on implants, 3-day treatment completion, free panoramic X-rays",
Bodrum,Turkey,Dental Veneers,Comfort Zone Dent,Bodrum Turkey,+905365780999,,https://www.comfortzonedent.com,"Contact for pricing","E.Max & Zirconium options, Hollywood Smile packages, 48-hour express service available",
Bangkok,Thailand,LASIK,TRSC International LASIK Center,"6th Floor No. 968 U Chu Liang Building Rama IV Road, Silom, Bang Rak, Bangkok 10500","+662 632 4500, 02-733-2020",,https://www.trsclasik.com,"$1,500 - $2,000","28 years experience, 100,000+ surgeries, first LASIK in Southeast Asia (1994)",
Bangkok,Thailand,LASIK,Rutnin Eye Hospital,Bangkok,,,,"$1,500 - $2,000","Leading ophthalmology center in Asia, advanced technology",
Bangkok,Thailand,LASIK,Bangkok Hospital,Bangkok Headquarter,,,https://www.bangkokhospital.com,"$1,500 - $2,000","Special packages with 6-month follow-up included",
Bangkok,Thailand,LASIK,Yanhee International Hospital,Bangkok,,,,"$1,730 - $1,890 (THB 54,500 - 59,500)","SBK LASIK & FEMTO LASIK available",
Bangkok,Thailand,LASIK,Praram 9 Hospital,Bangkok,,,,"$1,500 - $2,000","State-of-the-art equipment, premier medical facility",
Mexico City,Mexico,Rhinoplasty,Dr. Jose Cortes Clinic,Mexico City,,,,"~$5,400 - $7,500 (95,000 MXN)","18 years experience, 1,100+ rhinoplasties, ultrasonic rhinoplasty pioneer","Mexican Association of Plastic Surgery"
Mexico City,Mexico,Rhinoplasty,Dr. Efrain Arreola Mendoza,Mexico City,,,,"~$4,558","39 years experience, 200+ procedures annually, includes 1-day hospital stay",
Mexico City,Mexico,Rhinoplasty,Cirplast Plastic Surgery,Mexico City,,,,"$3,600 - $5,533","Specialized plastic surgery center","Asociación Mexicana de Cirugía Plástica"
Mexico City,Mexico,Rhinoplasty,Top Plastic Surgeons Mexico,Mexico City,,,,"~$3,100","All-inclusive surgery packages with board-certified surgeons","Board Certified"
Mexico City,Mexico,Rhinoplasty,Family Hospital,Mexico City,,,,"$3,000 - $7,000","Affordable rhinoplasty packages",
