City,Country,Procedure,Clinic_Name,Address,Phone,Email,Website,Price_USD_Low,Price_USD_High,Currency,Special_Notes,Certifications,Year_Established,Procedures_Per_Year,Success_Rate,Languages,Package_Includes
Bangkok,Thailand,Dental Implant,Bangkok International Dental Hospital (BIDH),"98 Sukhumvit Soi 2, Khlong Toei, Bangkok 10110","+66 2-115-8977",contact@dentalhospitalthailand.com,https://dentalhospitalthailand.com,1500,2000,USD,"98% success rate, 40 certified dentists, 5 Bangkok locations, Carl Zeiss microscopes, 3D CT scans","JCI, ISO",2004,,98%,"English, Thai","Procedure, facility fee, follow-up"
Bangkok,Thailand,Dental Implant,BFC Dental Clinic - Bangna,"347 Bangna-Trad Road, Bangkok 10260","02-396-1075",contact@bfcdental.com,https://www.bfcdental.com,900,1500,USD,"In-house dental lab for faster treatment, multiple Bangkok locations",JCI,1994,4600+,,"English, Thai","Procedure, consultation, X-rays"
Bangkok,Thailand,Dental Implant,SmileBox Dental Clinic - Thonglor,"1223 Sukhumvit Road, Watthana, Bangkok 10110","094 975 9666",,https://smileboxclinic.com,900,1500,USD,"VR therapy for stress relief, Invisalign Platinum provider, 2 locations","Sha Plus+",2021,,,"English, Thai","Procedure, 3D X-rays, treatment plan"
Bangkok,Thailand,Dental Implant,Bangkok International Dental Center (BIDC),"157,159 Ratchadaphisek Rd Soi 7, Ding Daeng, Bangkok 10400","+66 (2) 692 4433",contact@bangkokdentalcenter.com,https://bangkokdentalcenter.com,900,1500,USD,"First JCI-accredited dental center in Thailand, near MRT Cultural Center station",JCI,,,,"English, Thai, Arabic, Chinese","Procedure, consultation, medications"
Bangkok,Thailand,Dental Implant,About Tooth Dental Clinic - Siam,"8th Floor SIAMSCAPE, Siam Square 1, Pathum Wan, Bangkok 10330","+6687-555-4665",,https://www.abouttoothdental.com,900,1500,USD,"2 convenient locations (Siam & Punnawithi), Daily 10:30 AM - 8:30 PM",,,,,"English, Thai","Procedure, consultation"
Bangkok,Thailand,LASIK,TRSC International LASIK Center,"6th Floor No. 968 U Chu Liang Building, Rama IV Road, Silom, Bang Rak, Bangkok 10500","+662 632 4500",,https://www.trsclasik.com,1500,2000,USD,"Dr. Ekktet Chansue - first LASIK in Southeast Asia (1994), 2 locations (Rama 4 & Megabangna)",,1994,100000+,,"English, Thai","Surgery, pre-op consultation, 6-month follow-up"
Bangkok,Thailand,LASIK,Rutnin Eye Hospital,"80/1 Sukhumvit 21 Road (Asoke), Vadhana, Bangkok 10110","+66 2056 3333",contact@rutnin.com,https://www.rutnin.com,1500,2000,USD,"Leading ophthalmology center in Asia, 24-hour operation, 250m from MRT Petchaburi",,,,,"English, Thai","Surgery, consultation, medications, follow-up"
Bangkok,Thailand,LASIK,Bangkok Hospital Eye & LASIK Center,"2 Soi Soonvijai 7, New Petchburi Rd, Bangkok 10310","+66 2755 1307",[email protected],https://www.bangkokhospital.com,1500,2000,USD,"Asia's Top Private Hospital 2025 (Newsweek), ReLEx SMILE, FemtoLASIK, ICL available","JCI, Newsweek Top Hospital",,,,"English, Thai, Arabic, Japanese","Surgery, 6-month follow-up (5 visits), medications"
Bangkok,Thailand,LASIK,Yanhee International Hospital,"454 Charansanitwong Road, Bang-O, Bang Phlat, Bangkok 10700","+66 2 879 0300",info@yanhee.net,https://www.yanhee.net,1730,1890,USD,"24-hour service, serves 160+ countries, SBK LASIK & FEMTO LASIK","JCI",,,,"English, Arabic, Chinese, Japanese, Russian","Surgery, consultation, 1-week follow-up"
Bangkok,Thailand,LASIK,Praram 9 Hospital,"99 Rama IX Rd, Huai Khwang, Bangkok 10310",,,https://www.praram9.com,1500,2000,USD,"State-of-the-art equipment, premier medical facility","JCI",,,,"English, Thai","Surgery, consultation, medications"
Istanbul,Turkey,LASIK,Kudret Eye Istanbul,"Sarayardı Street No: 3, Acibadem Kadikoy, Istanbul","+90 541 457 50 15",info@kudretgozistanbul.com,https://www.kudretgozistanbul.com,1565,1790,EUR,"TÜV & ISO certified, Carl ZEISS Center of Excellence, Mon-Fri 09:00-18:00, Sat 09:00-13:00","TÜV Rheinland, ISO9001, Carl ZEISS CoE",2005,,,"English, Turkish, Arabic","Both eyes, pre/post-op exams"
Istanbul,Turkey,LASIK,Bati Göz Eye Center,"Multiple locations in Istanbul & Izmir",,,,1350,1575,EUR,"TÜV & ISO certified, Carl ZEISS Center of Excellence","TÜV Rheinland, ISO9001, Carl ZEISS CoE",,,,"English, Turkish, German","Both eyes, consultations"
Istanbul,Turkey,LASIK,Dunyagoz Eye Hospital Istanbul Etiler,"Etiler, Istanbul",,,,1350,1800,EUR,"Private single-specialty ophthalmology center, international patients",,,,,"English, Turkish, Arabic","Surgery, hotel, transfers"
Istanbul,Turkey,LASIK,Memorial Şişli Hospital,"Şişli, Istanbul",,,,1690,2250,EUR,"JCI-accredited multidisciplinary center, patients from 92 countries annually",JCI,,,,"English, Turkish, Arabic, Russian","Surgery, consultation, medications"
Istanbul,Turkey,LASIK,VM Hospitals Istanbul,"Istanbul",,,,1350,1800,EUR,"Private multi-specialty medical center",,,,,"English, Turkish","Surgery, consultation"
Istanbul,Turkey,Hair Transplant,Vera Clinic,"Kordonboyu, Turgut Özal Blv. No: 47, 34860 Kartal, Istanbul","+90 555 888 81 23",,https://www.veraclinic.net,2000,3000,USD,"30,000+ patients since 2013, FUE/Sapphire FUE/DHI, 11 miles from SAW airport, 25-min drive",,2013,30000+,,"English, French, Spanish, Italian, German, Arabic, Portuguese, Russian","Surgery, hotel (5-star), VIP transfers, medications, aftercare"
Istanbul,Turkey,Hair Transplant,Dr. Serkan Aygin Clinic,"Istanbul",,,,1800,4500,USD,"28 years experience, 25,000+ procedures, DHI & Sapphire FUE & PRP & stem cell treatments",,,,,"English, Turkish, Arabic","All-inclusive package with hotel, transfers"
Istanbul,Turkey,Hair Transplant,Smile Hair Clinic,"Istanbul",,,,2390,3590,USD,"DHI & Sapphire FUE, 4.9/5 rating on 2,000+ Google reviews",,,,,"English, Turkish, Arabic, German","3,000-5,000 grafts, hotel, transfers"
Istanbul,Turkey,Hair Transplant,Cosmedica Clinic (Dr. Levent Acar),"Istanbul",,,,4260,4260,EUR,"16 years experience, Micro Sapphire DHI specialist, all-inclusive luxury packages",,,,,"English, Turkish, German","Surgery, 5-star hotel, VIP transfers, aftercare, medications"
Istanbul,Turkey,Hair Transplant,Clinicana Clinic,"Istanbul",,,,2700,4200,USD,"FUE & Sapphire FUE specialist, known for natural look and excellent results",,,,,"English, Turkish, Arabic","Surgery, hotel, transfers, medications"
Istanbul,Turkey,Rhinoplasty,Comfort Zone Surgery,"Göktürk Merkez Mahallesi İstanbul Cd. No:26K D:1, 34075 Eyüpsultan, Istanbul","+90 533 954 70 06",request@comfortzonesurgery.com,https://www.comfortzonesurgery.com,3500,5500,USD,"1,800+ procedures/year, operates at Avrasya Hospital, stays at Vialand Palace Hotel",,,,1800+,"English, Turkish, Arabic, Russian","Surgery, hospital stay, hotel, airport transfers, post-op care"
Istanbul,Turkey,Breast Augmentation,Comfort Zone Surgery,"Göktürk Merkez Mahallesi İstanbul Cd. No:26K D:1, 34075 Eyüpsultan, Istanbul","+90 533 954 70 06",request@comfortzonesurgery.com,https://www.comfortzonesurgery.com,4000,6000,USD,"1,800+ procedures/year, all-inclusive medical tourism packages",,,,1800+,"English, Turkish, Arabic, Russian","Surgery, hospital stay, hotel, airport transfers, post-op care"
Istanbul,Turkey,Brazilian Butt Lift,Comfort Zone Surgery,"Göktürk Merkez Mahallesi İstanbul Cd. No:26K D:1, 34075 Eyüpsultan, Istanbul","+90 533 954 70 06",request@comfortzonesurgery.com,https://www.comfortzonesurgery.com,4500,6500,USD,"BBL specialist, 1,800+ procedures/year",,,,1800+,"English, Turkish, Arabic, Russian","Surgery, hospital stay, hotel, airport transfers, post-op care"
Bodrum,Turkey,Dental Implant,Comfort Zone Dent,"Bodrum, Turkey","+905365780999",,https://www.comfortzonedent.com,800,1400,USD,"Lifetime guarantee on implants, 3-day treatment completion, free panoramic X-rays & 3D tomography",,,,,"English, Turkish","Implant, X-rays, 3D scan, consultation, 4-night stay minimum"
Bodrum,Turkey,Dental Veneers,Comfort Zone Dent,"Bodrum, Turkey","+905365780999",,https://www.comfortzonedent.com,3500,5500,USD,"E.Max & Zirconium options, Hollywood Smile packages (10 upper/10 lower), 48-hour express service available, 3-10 year guarantees",,,,,"English, Turkish","Veneers, X-rays, smile design, consultation, 4-night minimum stay"
Mexico City,Mexico,Rhinoplasty,Dr. Jose Cortes Clinic,"Mexico City, Mexico",,,,5400,7500,USD,"18 years experience, 1,100+ rhinoplasties, ultrasonic rhinoplasty pioneer in Mexico","Mexican Association of Plastic Surgery",,,,"English, Spanish","Surgery, pre-op tests, medications, follow-up consultations"
Mexico City,Mexico,Rhinoplasty,Dr. Efrain Arreola Mendoza,"Mexico City, Mexico",,,,4558,4558,USD,"39 years experience, 200+ procedures annually",,,,,"English, Spanish","Surgery, 1-day hospital stay, CT scan, 3 nights hotel"
Mexico City,Mexico,Rhinoplasty,Cirplast Plastic Surgery,"Mexico City, Mexico",,,,3600,5533,USD,"Specialized plastic surgery center","Asociación Mexicana de Cirugía Plástica, American Society of Plastic Surgeons",,,,"English, Spanish","Surgery, consultation"
Mexico City,Mexico,Rhinoplasty,Top Plastic Surgeons Mexico,"Mexico City, Mexico",,,,3100,3100,USD,"All-inclusive surgery packages with board-certified surgeons","Board Certified",,,,"English, Spanish","Surgery, hotel, transfers, all-inclusive vacation package"
Mexico City,Mexico,Rhinoplasty,Family Hospital,"Mexico City, Mexico",,,,3000,7000,USD,"Affordable rhinoplasty packages, expert surgeons",,,,,"English, Spanish","Surgery, consultation, follow-up"
Bangkok,Thailand,Botox,Bumrungrad International Hospital,"33 Sukhumvit 3, Wattana, Bangkok 10110","+66 2 066 8888",info@bumrungrad.com,https://www.bumrungrad.com,250,400,USD,"Premier medical tourism hospital, 1.1M patients annually, 520,000 from 190+ countries","JCI, ISO",1980,1100000,,"English, Thai, Arabic, Chinese, Japanese","Procedure, consultation, follow-up"
Bangkok,Thailand,Botox,Yanhee International Hospital,"454 Charansanitwong Road, Bang Phlat, Bangkok 10700","+66 2 879 0300",info@yanhee.net,https://www.yanhee.net,200,350,USD,"Famous for cosmetic procedures, 24-hour service","JCI",1984,,,"English, Thai, Arabic, Chinese, Japanese","Procedure, consultation, medications"
Bangkok,Thailand,Botox,Bangkok Hospital Medical Center,"2 Soi Soonvijai 7, New Petchburi Rd, Bangkok 10310","+66 2 310 3000",[email protected],https://www.bangkokhospital.com,220,380,USD,"Asia's Top Private Hospital 2025, extensive aesthetic department","JCI",1972,,,"English, Thai, Arabic, Japanese","Procedure, consultation"
Istanbul,Turkey,Botox,Estethica Atasehir,"Atasehir, Istanbul","+90 216 570 00 00",info@estethica.com.tr,https://www.estethica.com.tr,150,280,USD,"Largest aesthetic surgery chain in Turkey, 8 locations","ISO 9001",2004,15000+,,"English, Turkish, Arabic, Russian","Procedure, consultation, aftercare"
Istanbul,Turkey,Botox,Memorial Sisli Hospital Aesthetic Clinic,"Sisli, Istanbul","+90 212 314 66 66",info@memorial.com.tr,https://www.memorial.com.tr,180,300,USD,"JCI-accredited, comprehensive aesthetic center",JCI,1995,,,"English, Turkish, Arabic, German","Procedure, consultation"
Istanbul,Turkey,Botox,American Hospital Istanbul,"Nisantasi, Istanbul","+90 212 444 3777",info@americanhospital.com,https://www.americanhospital.com,200,320,USD,"Established 1920, oldest US-affiliated hospital outside US","JCI",1920,,,"English, Turkish, German","Procedure, consultation"
Dubai,UAE,Botox,American Academy of Cosmetic Surgery Hospital,"Al Barsha, Dubai","+971 4 423 5600",info@aacsh.com,https://www.aacsh.com,280,450,USD,"First JCI-accredited cosmetic surgery hospital in Middle East","JCI, DHA",2005,8000+,,"English, Arabic, French","Procedure, consultation, follow-up"
Dubai,UAE,Botox,Cocoona Centre for Aesthetic Transformation,"Dubai Healthcare City, Dubai","+971 4 388 1313",info@cocoona.ae,https://www.cocoona.ae,300,480,USD,"Award-winning aesthetic center, luxury environment","DHA, ISO",2008,,,"English, Arabic, Russian","Procedure, consultation"
Seoul,South Korea,Botox,ID Hospital,"Gangnam, Seoul","+82 2 3496 9787",info@idhospital.com,https://www.idhospital.com,180,320,USD,"Korea's #1 cosmetic surgery brand, 70,000+ procedures","JCI, KOPS",2004,70000+,97%,"English, Korean, Chinese, Japanese, Russian","Procedure, consultation, translator service"
Seoul,South Korea,Botox,BK Plastic Surgery Hospital,"Gangnam, Seoul","+82 2 547 5600",info@bkplasticsurgery.com,https://www.bkplasticsurgery.com,160,300,USD,"Specialized in facial procedures, 15+ years experience","JCI, KOPS",2008,5000+,,"English, Korean, Chinese","Procedure, consultation"
Singapore,Singapore,Botox,Raffles Medical Group,"585 North Bridge Road, Singapore 188770","+65 6311 1111",enquiries@rafflesmedical.com,https://www.rafflesmedicalgroup.com,350,550,USD,"Largest private healthcare provider in Singapore","JCI, ISO",1976,,,"English, Chinese, Malay","Procedure, consultation, follow-up"
Bangkok,Thailand,Brazilian Butt Lift,Yanhee International Hospital,"454 Charansanitwong Road, Bang Phlat, Bangkok 10700","+66 2 879 0300",info@yanhee.net,https://www.yanhee.net,4500,6500,USD,"Premier destination for BBL, experienced plastic surgeons","JCI",1984,2500+,,"English, Thai, Arabic, Chinese","Surgery, 2-night hospital stay, hotel, transfers, post-op care"
Bangkok,Thailand,Brazilian Butt Lift,Bangkok Hospital Plastic Surgery Center,"2 Soi Soonvijai 7, New Petchburi Rd, Bangkok 10310","+66 2 310 3000",[email protected],https://www.bangkokhospital.com,5000,7000,USD,"Asia's Top Hospital, board-certified surgeons","JCI",1972,,,"English, Thai, Arabic","Surgery, hospital stay, medications, follow-up"
Bangkok,Thailand,Brazilian Butt Lift,Phuket Plastic Surgery Institute,"Phuket (Bangkok branch available)","+66 76 233 555",info@ppsi.co.th,https://www.ppsi.co.th,4000,6000,USD,"Specialized plastic surgery center, 20+ years experience","ISAPS",2000,3000+,,"English, Thai, Chinese","Surgery, hospital stay, compression garments, follow-up"
Istanbul,Turkey,Brazilian Butt Lift,Estethica Aesthetic Surgery,"Atasehir, Istanbul","+90 216 570 00 00",info@estethica.com.tr,https://www.estethica.com.tr,4200,6000,USD,"Turkey's largest aesthetic chain, BBL specialists","ISO 9001",2004,15000+,,"English, Turkish, Arabic, Russian","Surgery, hospital stay, hotel, transfers, post-op garments"
Istanbul,Turkey,Brazilian Butt Lift,Memorial Bahcelievler Hospital,"Bahcelievler, Istanbul","+90 212 314 66 66",info@memorial.com.tr,https://www.memorial.com.tr,4500,6500,USD,"JCI-accredited, experienced BBL surgeons",JCI,2014,,,"English, Turkish, Arabic","Surgery, 1-night hospital stay, hotel, transfers"
Mexico City,Mexico,Brazilian Butt Lift,Profiles Beverly Hills,"Mexico City, Mexico","+52 55 5281 4444",info@profilesbeverlyhills.com,https://www.profilesbeverlyhills.com,4800,7000,USD,"Board-certified plastic surgeons, 25+ years experience","American Board of Plastic Surgery",1995,2000+,,"English, Spanish","Surgery, hospital stay, hotel, medications, follow-up"
Cancun,Mexico,Brazilian Butt Lift,Costamed Medical Group,"Cancun, Quintana Roo","+52 998 881 3400",info@costamed.com,https://www.costamed.com,4500,6500,USD,"JCI-accredited, medical tourism leader","JCI, COFEPRIS",2005,8000+,,"English, Spanish","Surgery, hospital stay, hotel, transfers, post-op care"
Tijuana,Mexico,Brazilian Butt Lift,Renew Body Contouring,"Tijuana, Baja California","+52 664 634 0923",info@renewbodycontouring.com,https://www.renewbodycontouring.com,4200,6000,USD,"BBL specialists, close to US border, recovery house available","Mexican Board of Plastic Surgery",2010,1500+,,"English, Spanish","Surgery, recovery house, medications, post-op garments"
Medellin,Colombia,Brazilian Butt Lift,COS Medellin Plastic Surgery,"El Poblado, Medellin","+57 4 444 5555",info@cosmedellin.com,https://www.cosmedellin.com,3800,5500,USD,"Colombia's BBL capital, expert surgeons, recovery villa","Colombian Society of Plastic Surgery",2008,5000+,98%,"English, Spanish, Portuguese","Surgery, recovery villa, hotel, transfers, 24/7 nursing care"
Bogota,Colombia,Brazilian Butt Lift,Hospital Universitario Mayor,"Bogota, Colombia","+57 1 745 9191",info@hospitalmayormed.com,https://www.hospitalmayormed.com,3500,5000,USD,"University teaching hospital, experienced plastic surgery department","Colombian Ministry of Health",1998,3500+,,"English, Spanish","Surgery, hospital stay, medications, follow-up"
Bangkok,Thailand,Breast Augmentation,Yanhee International Hospital,"454 Charansanitwong Road, Bang Phlat, Bangkok 10700","+66 2 879 0300",info@yanhee.net,https://www.yanhee.net,4200,6000,USD,"World-renowned for cosmetic procedures, serves 160+ countries","JCI",1984,4000+,,"English, Thai, Arabic, Chinese, Japanese","Surgery, 1-night hospital stay, implants, hotel, transfers"
Bangkok,Thailand,Breast Augmentation,Bumrungrad International Hospital,"33 Sukhumvit 3, Wattana, Bangkok 10110","+66 2 066 8888",info@bumrungrad.com,https://www.bumrungrad.com,4800,7000,USD,"Premier medical tourism destination, 1.1M patients annually","JCI, ISO",1980,1100000,,"English, Thai, Arabic, Chinese","Surgery, hospital stay, implants, medications, follow-up"
Bangkok,Thailand,Breast Augmentation,Bangkok Hospital Plastic Surgery,"2 Soi Soonvijai 7, New Petchburi Rd, Bangkok 10310","+66 2 310 3000",[email protected],https://www.bangkokhospital.com,4500,6500,USD,"Asia's Top Hospital 2025, comprehensive plastic surgery center","JCI",1972,,,"English, Thai, Arabic, Japanese","Surgery, hospital stay, implants, post-op care"
Istanbul,Turkey,Breast Augmentation,Estethica Surgery,"Atasehir, Istanbul","+90 216 570 00 00",info@estethica.com.tr,https://www.estethica.com.tr,3800,5500,USD,"Turkey's largest aesthetic surgery chain, 8 locations nationwide","ISO 9001",2004,15000+,,"English, Turkish, Arabic, Russian","Surgery, hospital stay, implants, hotel, transfers"
Istanbul,Turkey,Breast Augmentation,Florence Nightingale Hospital,"Sisli, Istanbul","+90 212 224 49 50",info@florence.com.tr,https://www.florence.com.tr,4000,6000,USD,"Premium private hospital, experienced plastic surgeons","JCI",1989,,,"English, Turkish, German","Surgery, hospital stay, implants, medications"
Istanbul,Turkey,Breast Augmentation,Memorial Sisli Hospital,"Sisli, Istanbul","+90 212 314 66 66",info@memorial.com.tr,https://www.memorial.com.tr,3900,5800,USD,"JCI-accredited, comprehensive plastic surgery department",JCI,1995,,,"English, Turkish, Arabic, Russian","Surgery, hospital stay, implants, transfers"
Mexico City,Mexico,Breast Augmentation,Hospital Angeles Lomas,"Huixquilucan, State of Mexico","+52 55 5246 9000",info@hospitalangeles.com,https://www.hospitalangeles.com,4500,6500,USD,"JCI-accredited, premium private hospital network","JCI",1991,,,"English, Spanish","Surgery, hospital stay, implants, medications, follow-up"
Cancun,Mexico,Breast Augmentation,Hospital Galenia,"Cancun, Quintana Roo","+52 998 891 5200",info@galenia.com,https://www.galenia.com,4000,5800,USD,"Medical tourism leader, beachfront location, recovery packages","JCI",2006,5000+,,"English, Spanish","Surgery, hospital stay, implants, hotel, beach recovery"
Tijuana,Mexico,Breast Augmentation,Hospital Mi Doctor,"Tijuana, Baja California","+52 664 633 7800",info@hospitalmidoctor.com,https://www.hospitalmidoctor.com,3800,5500,USD,"Close to US border, experienced surgeons, recovery facilities","Mexican Board of Plastic Surgery",2000,3000+,,"English, Spanish","Surgery, hospital stay, implants, medications, recovery house"
Dubai,UAE,Breast Augmentation,American Academy of Cosmetic Surgery,"Al Barsha, Dubai","+971 4 423 5600",info@aacsh.com,https://www.aacsh.com,6500,9000,USD,"First JCI-accredited cosmetic hospital in Middle East","JCI, DHA",2005,8000+,,"English, Arabic, French, Russian","Surgery, hospital stay, premium implants, luxury recovery"
Seoul,South Korea,Breast Augmentation,BK Plastic Surgery Hospital,"Gangnam, Seoul","+82 2 547 5600",info@bkplasticsurgery.com,https://www.bkplasticsurgery.com,4200,6500,USD,"Specialized plastic surgery hospital, 15+ years experience","JCI, KOPS",2008,5000+,,"English, Korean, Chinese, Japanese","Surgery, hospital stay, implants, translator, follow-up"
Bangkok,Thailand,Colonoscopy,Bumrungrad International Hospital,"33 Sukhumvit 3, Wattana, Bangkok 10110","+66 2 066 8888",info@bumrungrad.com,https://www.bumrungrad.com,800,1200,USD,"State-of-the-art endoscopy center, experienced gastroenterologists","JCI, ISO",1980,1100000,,"English, Thai, Arabic, Chinese","Procedure, sedation, biopsy if needed, consultation, report"
Bangkok,Thailand,Colonoscopy,Bangkok Hospital Gastroenterology Center,"2 Soi Soonvijai 7, New Petchburi Rd, Bangkok 10310","+66 2 310 3000",[email protected],https://www.bangkokhospital.com,700,1100,USD,"Advanced endoscopy suite, comprehensive GI services","JCI",1972,,,"English, Thai, Arabic","Procedure, sedation, consultation, pathology"
Bangkok,Thailand,Colonoscopy,Samitivej Sukhumvit Hospital,"133 Sukhumvit 49, Vadhana, Bangkok 10110","+66 2 711 8000",info@samitivej.co.th,https://www.samitivej.co.th,750,1150,USD,"Premier international hospital, advanced endoscopy center","JCI",1979,,,"English, Thai, Japanese","Procedure, anesthesia, consultation, results"
Singapore,Singapore,Colonoscopy,Raffles Hospital,"585 North Bridge Road, Singapore 188770","+65 6311 1111",enquiries@rafflesmedical.com,https://www.rafflesmedicalgroup.com,1200,1800,USD,"Leading private hospital, comprehensive gastroenterology department","JCI, ISO",1976,,,"English, Chinese, Malay","Procedure, sedation, consultation, detailed report"
Singapore,Singapore,Colonoscopy,Mount Elizabeth Hospital,"3 Mount Elizabeth, Singapore 228510","+65 6731 2218",enquiry@parkwaypantai.com,https://www.mountelizabeth.com.sg,1100,1700,USD,"Premium private hospital, advanced endoscopy technology","JCI",1979,,,"English, Chinese, Malay, Tamil","Procedure, anesthesia, biopsy, consultation"
Istanbul,Turkey,Colonoscopy,Memorial Sisli Hospital,"Sisli, Istanbul","+90 212 314 66 66",info@memorial.com.tr,https://www.memorial.com.tr,500,900,USD,"JCI-accredited, comprehensive gastroenterology department",JCI,1995,,,"English, Turkish, Arabic","Procedure, sedation, consultation, pathology report"
Dubai,UAE,Colonoscopy,Mediclinic City Hospital,"Dubai Healthcare City, Dubai","+971 4 435 9999",info@mediclinic.ae,https://www.mediclinic.ae,900,1400,USD,"International standard hospital, advanced endoscopy suite","JHA, JCI",2008,,,"English, Arabic, French","Procedure, sedation, consultation, comprehensive report"
New Delhi,India,Colonoscopy,Fortis Hospital,"Vasant Kunj, New Delhi","+91 11 4277 6222",info@fortishealthcare.com,https://www.fortishealthcare.com,400,700,USD,"Leading hospital chain, experienced gastroenterologists","NABH, JCI",1996,,,"English, Hindi","Procedure, sedation, biopsy, consultation"
Mumbai,India,Colonoscopy,Lilavati Hospital,"Bandra, Mumbai","+91 22 2640 0000",info@lilavatihospital.com,https://www.lilavatihospital.com,380,680,USD,"Multi-specialty hospital, advanced endoscopy center","NABH",1978,,,"English, Hindi, Marathi","Procedure, anesthesia, pathology, report"
Kuala Lumpur,Malaysia,Colonoscopy,Prince Court Medical Centre,"Kuala Lumpur, Malaysia","+60 3 2160 0000",info@princecourt.com,https://www.princecourt.com,600,1000,USD,"Premium private hospital, JCI-accredited, advanced GI services","JCI, MSQH",2007,,,"English, Malay, Chinese","Procedure, sedation, consultation, detailed report"
Bangkok,Thailand,Dental Veneers,Bangkok International Dental Center (BIDC),"157,159 Ratchadaphisek Rd Soi 7, Ding Daeng, Bangkok 10400","+66 (2) 692 4433",contact@bangkokdentalcenter.com,https://bangkokdentalcenter.com,4500,7500,USD,"First JCI-accredited dental center, Hollywood Smile packages, E.Max & Zirconium",JCI,1996,,,"English, Thai, Arabic, Chinese","Full mouth veneers (16-20), consultation, temporary veneers, X-rays"
Bangkok,Thailand,Dental Veneers,Thantakit Dental Center,"Thonglor, Bangkok","+66 2 258 1558",info@thantakit.com,https://www.thantakit.com,5000,8000,USD,"Specialized in cosmetic dentistry, German technology","ISO 9001",2004,5000+,,"English, Thai","Full mouth veneers, digital smile design, temporaries, follow-up"
Bangkok,Thailand,Dental Veneers,SmileBox Dental Clinic,"1223 Sukhumvit Road, Watthana, Bangkok 10110","094 975 9666",info@smileboxclinic.com,https://smileboxclinic.com,4200,7000,USD,"VR therapy for stress relief, digital smile design, 2 locations","Sha Plus+",2021,,,"English, Thai, Chinese","Veneers (full mouth), 3D design, temporaries, X-rays"
Istanbul,Turkey,Dental Veneers,Comfort Zone Dent,"Bodrum & Istanbul locations","+905365780999",info@comfortzonedent.com,https://www.comfortzonedent.com,3500,5500,USD,"E.Max & Zirconium, Hollywood Smile, 48-hour express service, 3-10 year guarantee",,2015,,,"English, Turkish, Arabic","Full mouth veneers, smile design, temporaries, 4-night hotel"
Istanbul,Turkey,Dental Veneers,DentGroup Istanbul,"Multiple Istanbul locations","+90 212 280 6464",info@dentgroupistanbul.com,https://www.dentgroupistanbul.com,3800,6000,USD,"Turkey's largest dental chain, 17 clinics nationwide","ISO 9001",2006,50000+,,"English, Turkish, German, Arabic","Veneers, digital design, temporaries, transfers"
Tijuana,Mexico,Dental Veneers,BioDental Care,"Tijuana, Baja California","+52 664 634 3985",info@biodentalcare.com,https://www.biodentalcare.com,3200,5500,USD,"Close to US border, premium materials, same-day service available","ADA",2005,3000+,,"English, Spanish","Full mouth veneers, consultation, temporaries, X-rays"
Cancun,Mexico,Dental Veneers,Cancun Dental Design,"Cancun, Quintana Roo","+52 998 883 3003",info@cancundentaldesign.com,https://www.cancundentaldesign.com,3500,6000,USD,"Beachfront location, vacation + dental packages, E.Max specialists",,2008,2500+,,"English, Spanish","Veneers, digital smile design, hotel, transfers, follow-up"
Budapest,Hungary,Dental Veneers,Swiss Dent Budapest,"Budapest, Hungary","+36 1 950 7070",info@swissdent.hu,https://www.swissdent.hu,3000,5000,EUR,"German & Swiss trained dentists, premium materials, 5-year warranty","ISO 9001",2001,4000+,,"English, German, Hungarian","Full mouth veneers, smile design, accommodation assistance"
Prague,Czech Republic,Dental Veneers,Prague Dental Center,"Prague 1, Czech Republic","+420 222 230 081",info@praguedentalcenter.com,https://www.praguedentalcenter.com,2800,4800,EUR,"Central location, experienced cosmetic dentists, German quality standards",,2005,3000+,,"English, German, Czech","Veneers, consultation, temporaries, digital planning"
New Delhi,India,Dental Veneers,Smile Craft Dental Clinic,"South Extension, New Delhi","+91 11 4166 6588",info@smilecraftindia.com,https://www.smilecraftindia.com,2000,4000,USD,"Hollywood Smile specialist, E.Max & Zirconium, international patients","ISO",2010,2000+,,"English, Hindi","Full mouth veneers, smile design, temporaries, follow-up"
Bangkok,Thailand,Facelift,Yanhee International Hospital,"454 Charansanitwong Road, Bang Phlat, Bangkok 10700","+66 2 879 0300",info@yanhee.net,https://www.yanhee.net,5500,8500,USD,"World-renowned for facial procedures, 24-hour care, serves 160+ countries","JCI",1984,3000+,,"English, Thai, Arabic, Chinese, Japanese, Russian","Surgery, 2-night hospital stay, hotel, medications, follow-up"
Bangkok,Thailand,Facelift,Bangkok Hospital Plastic Surgery,"2 Soi Soonvijai 7, New Petchburi Rd, Bangkok 10310","+66 2 310 3000",[email protected],https://www.bangkokhospital.com,6000,9000,USD,"Asia's Top Hospital, board-certified facial plastic surgeons","JCI",1972,,,"English, Thai, Arabic","Surgery, hospital stay, medications, post-op care, follow-up"
Istanbul,Turkey,Facelift,Memorial Bahcelievler Hospital,"Bahcelievler, Istanbul","+90 212 314 66 66",info@memorial.com.tr,https://www.memorial.com.tr,4500,7000,USD,"JCI-accredited, experienced facial surgeons, modern techniques",JCI,2014,1500+,,"English, Turkish, Arabic, Russian","Surgery, 1-2 night hospital stay, hotel, transfers, medications"
Istanbul,Turkey,Facelift,Estethica Aesthetic Surgery,"Atasehir, Istanbul","+90 216 570 00 00",info@estethica.com.tr,https://www.estethica.com.tr,4200,6800,USD,"Turkey's largest aesthetic chain, SMAS facelift specialists","ISO 9001",2004,15000+,,"English, Turkish, Arabic, German","Surgery, hospital stay, hotel, post-op care, transfers"
Seoul,South Korea,Facelift,ID Hospital,"Gangnam, Seoul","+82 2 3496 9787",info@idhospital.com,https://www.idhospital.com,7000,12000,USD,"Korea's #1 cosmetic brand, mini facelift & full facelift options","JCI, KOPS",2004,70000+,97%,"English, Korean, Chinese, Japanese, Russian","Surgery, hospital stay, translator, medications, follow-up"
Seoul,South Korea,Facelift,JK Plastic Surgery,"Gangnam, Seoul","+82 2 3445 5580",info@jkps.com,https://www.jkps.com,6500,11000,USD,"Specialized in facial contouring, V-line facelift, thread lift","KOPS",2007,5000+,,"English, Korean, Chinese","Surgery, recovery care, medications, follow-up"
Dubai,UAE,Facelift,Cocoona Centre for Aesthetic Transformation,"Dubai Healthcare City, Dubai","+971 4 388 1313",info@cocoona.ae,https://www.cocoona.ae,8000,14000,USD,"Award-winning luxury aesthetic center, experienced surgeons","DHA, ISO",2008,2000+,,"English, Arabic, Russian, French","Surgery, hospital stay, luxury recovery suite, medications"
Mexico City,Mexico,Facelift,Profiles Beverly Hills,"Mexico City, Mexico","+52 55 5281 4444",info@profilesbeverlyhills.com,https://www.profilesbeverlyhills.com,5500,9000,USD,"Board-certified plastic surgeons, 25+ years experience, modern techniques","American Board of Plastic Surgery",1995,2000+,,"English, Spanish","Surgery, hospital stay, hotel, medications, follow-up care"
Medellin,Colombia,Facelift,COS Medellin Plastic Surgery,"El Poblado, Medellin","+57 4 444 5555",info@cosmedellin.com,https://www.cosmedellin.com,4500,7500,USD,"Colombia's plastic surgery capital, experienced facial surgeons","Colombian Society of Plastic Surgery",2008,5000+,98%,"English, Spanish, Portuguese","Surgery, recovery villa, nursing care, medications"
San Jose,Costa Rica,Facelift,Hospital Clinica Biblica,"San Jose, Costa Rica","+506 2522 1000",info@clinicabiblica.com,https://www.clinicabiblica.com,5000,8000,USD,"JCI-accredited, experienced plastic surgery department, medical tourism leader","JCI",1929,,,"English, Spanish","Surgery, hospital stay, medications, follow-up"
Bangkok,Thailand,Gastric Bypass,Bumrungrad International Hospital,"33 Sukhumvit 3, Wattana, Bangkok 10110","+66 2 066 8888",info@bumrungrad.com,https://www.bumrungrad.com,12000,16000,USD,"Premier bariatric surgery center, laparoscopic specialists, 1.1M patients annually","JCI, ISO",1980,1100000,,"English, Thai, Arabic, Chinese","Surgery, 3-night hospital stay, dietitian, follow-up program"
Bangkok,Thailand,Gastric Bypass,Bangkok Hospital Weight Loss Surgery Center,"2 Soi Soonvijai 7, New Petchburi Rd, Bangkok 10310","+66 2 310 3000",[email protected],https://www.bangkokhospital.com,11000,15000,USD,"Comprehensive bariatric program, experienced surgeons, nutritional support","JCI",1972,800+,,"English, Thai, Arabic","Surgery, hospital stay, nutritionist, psychological support, follow-up"
Bangkok,Thailand,Gastric Bypass,Samitivej Sukhumvit Hospital,"133 Sukhumvit 49, Vadhana, Bangkok 10110","+66 2 711 8000",info@samitivej.co.th,https://www.samitivej.co.th,10500,14500,USD,"JCI-accredited bariatric center, multidisciplinary approach","JCI",1979,600+,,"English, Thai, Japanese","Surgery, 2-3 night stay, dietitian, exercise program, follow-up"
Mexico City,Mexico,Gastric Bypass,Hospital Angeles Lomas,"Huixquilucan, State of Mexico","+52 55 5246 9000",info@hospitalangeles.com,https://www.hospitalangeles.com,8500,12000,USD,"JCI-accredited, comprehensive bariatric program, experienced surgeons","JCI",1991,1200+,,"English, Spanish","Surgery, 2-night hospital stay, nutritionist, follow-up care"
Tijuana,Mexico,Gastric Bypass,Obesity Control Center,"Tijuana, Baja California","+1 866 376 7849",info@obesitycontrolcenter.com,https://www.obesitycontrolcenter.com,7500,10500,USD,"Bariatric surgery specialists, close to US border, comprehensive aftercare","Mexican Board of Surgery",2008,3500+,98%,"English, Spanish","Surgery, hospital stay, hotel, nutritionist, lifetime support"
Cancun,Mexico,Gastric Bypass,Costamed Medical Group,"Cancun, Quintana Roo","+52 998 881 3400",info@costamed.com,https://www.costamed.com,8000,11500,USD,"JCI-accredited, bariatric tourism packages, beachfront recovery","JCI, COFEPRIS",2005,1000+,,"English, Spanish","Surgery, hospital stay, hotel, nutritionist, beach recovery"
Istanbul,Turkey,Gastric Bypass,Memorial Sisli Hospital,"Sisli, Istanbul","+90 212 314 66 66",info@memorial.com.tr,https://www.memorial.com.tr,6500,9500,USD,"JCI-accredited bariatric center, laparoscopic specialists",JCI,1995,2000+,,"English, Turkish, Arabic, Russian","Surgery, 2-night hospital stay, hotel, dietitian, follow-up"
Istanbul,Turkey,Gastric Bypass,Acibadem Maslak Hospital,"Maslak, Istanbul","+90 212 304 44 44",info@acibadem.com.tr,https://www.acibadem.com.tr,7000,10000,USD,"Leading hospital chain, comprehensive bariatric program","JCI, ISO",1991,1500+,,"English, Turkish, German","Surgery, hospital stay, nutritionist, psychological support"
New Delhi,India,Gastric Bypass,Max Super Specialty Hospital,"Saket, New Delhi","+91 11 2651 5050",info@maxhealthcare.com,https://www.maxhealthcare.com,5500,8000,USD,"Leading hospital chain, experienced bariatric surgeons","NABH, JCI",2006,1800+,,"English, Hindi","Surgery, 2-night hospital stay, dietitian, follow-up program"
Mumbai,India,Gastric Bypass,Lilavati Hospital,"Bandra, Mumbai","+91 22 2640 0000",info@lilavatihospital.com,https://www.lilavatihospital.com,5000,7500,USD,"Multi-specialty hospital, comprehensive weight loss center","NABH",1978,1200+,,"English, Hindi, Marathi","Surgery, hospital stay, nutritionist, exercise program"
Bangkok,Thailand,Hair Transplant,Yanhee International Hospital,"454 Charansanitwong Road, Bang Phlat, Bangkok 10700","+66 2 879 0300",info@yanhee.net,https://www.yanhee.net,2200,3500,USD,"FUE & FUT methods, experienced surgeons, 3000+ grafts typical","JCI",1984,2000+,,"English, Thai, Arabic, Chinese, Japanese","Surgery (3000 grafts), hotel, medications, PRP treatment, follow-up"
Bangkok,Thailand,Hair Transplant,Bangkok Hair Clinic,"Sukhumvit, Bangkok","+66 2 260 7555",info@bangkokhairclinic.com,https://www.bangkokhairclinic.com,1800,3000,USD,"Specialized hair restoration center, FUE & DHI techniques",,2010,3500+,,"English, Thai","3000 grafts, consultation, medications, aftercare kit"
Dubai,UAE,Hair Transplant,Bizrahmed Hair Transplant Clinic,"Dubai Healthcare City, Dubai","+971 4 431 2396",info@bizrahmed.com,https://www.bizrahmed.com,3500,5500,USD,"Specialized hair transplant center, FUE & Sapphire FUE","DHA",2012,5000+,,"English, Arabic, Urdu","3000 grafts, consultation, PRP, medications, follow-up"
New Delhi,India,Hair Transplant,Eugenix Hair Sciences,"Greater Kailash, New Delhi","+91 11 4954 4786",info@eugenix.in,https://www.eugenix.in,1500,2800,USD,"Specialized hair transplant center, Body Hair Transplant specialists","ABHRS",2006,8000+,,"English, Hindi","3000 grafts, FUE/FUT, consultation, medications"
Mumbai,India,Hair Transplant,The Esthetic Clinics,"Multiple Mumbai locations","+91 22 6767 4444",info@theestheticclinics.com,https://www.theestheticclinics.com,1400,2600,USD,"Chain of hair transplant clinics, latest technology",,2011,10000+,,"English, Hindi, Marathi","3000 grafts, consultation, PRP, aftercare"
Kuala Lumpur,Malaysia,Hair Transplant,Beverly Wilshire Medical Centre,"Kuala Lumpur, Malaysia","+60 3 2141 1188",info@bwmc.com.my,https://www.bwmc.com.my,2000,3500,USD,"Premium medical center, FUE specialists","MSQH",2008,2000+,,"English, Malay, Chinese","3000 grafts, consultation, medications, follow-up"
Warsaw,Poland,Hair Transplant,Hair Clinic Warsaw,"Warsaw, Poland","+48 22 299 88 99",info@hairclinicwarsaw.pl,https://www.hairclinicwarsaw.pl,2500,4000,EUR,"FUE & DHI specialists, German technology",,2013,1500+,,"English, German, Polish, Russian","3000 grafts, consultation, hotel assistance, medications"
Bangkok,Thailand,Hip Replacement,Bumrungrad International Hospital,"33 Sukhumvit 3, Wattana, Bangkok 10110","+66 2 066 8888",info@bumrungrad.com,https://www.bumrungrad.com,12000,16000,USD,"Premier orthopedic center, 1.1M patients annually, robotic-assisted surgery available","JCI, ISO",1980,1100000,95%,"English, Thai, Arabic, Chinese, Japanese","Surgery, 4-5 night hospital stay, implant, physical therapy, medications"
Bangkok,Thailand,Hip Replacement,Bangkok Hospital Orthopedic Center,"2 Soi Soonvijai 7, New Petchburi Rd, Bangkok 10310","+66 2 310 3000",[email protected],https://www.bangkokhospital.com,11000,15000,USD,"Asia's Top Hospital, comprehensive orthopedic department, experienced surgeons","JCI",1972,800+,,"English, Thai, Arabic","Surgery, hospital stay, implant, rehabilitation, follow-up"
Bangkok,Thailand,Hip Replacement,Samitivej Sukhumvit Hospital,"133 Sukhumvit 49, Vadhana, Bangkok 10110","+66 2 711 8000",info@samitivej.co.th,https://www.samitivej.co.th,10500,14500,USD,"JCI-accredited orthopedic center, minimally invasive techniques","JCI",1979,600+,,"English, Thai, Japanese","Surgery, 4-night stay, implant, physiotherapy, medications"
Singapore,Singapore,Hip Replacement,Mount Elizabeth Hospital,"3 Mount Elizabeth, Singapore 228510","+65 6731 2218",enquiry@parkwaypantai.com,https://www.mountelizabeth.com.sg,18000,25000,USD,"Premium orthopedic care, experienced surgeons, advanced technology","JCI",1979,1200+,,"English, Chinese, Malay","Surgery, hospital stay, premium implant, rehabilitation program"
New Delhi,India,Hip Replacement,Fortis Hospital,"Vasant Kunj, New Delhi","+91 11 4277 6222",info@fortishealthcare.com,https://www.fortishealthcare.com,7000,10000,USD,"Leading hospital chain, experienced orthopedic surgeons, ceramic & metal implants","NABH, JCI",1996,2500+,,"English, Hindi","Surgery, 5-night hospital stay, implant, physical therapy"
Mumbai,India,Hip Replacement,Lilavati Hospital,"Bandra, Mumbai","+91 22 2640 0000",info@lilavatihospital.com,https://www.lilavatihospital.com,6500,9500,USD,"Multi-specialty hospital, comprehensive orthopedic department","NABH",1978,2000+,,"English, Hindi, Marathi","Surgery, hospital stay, implant, rehabilitation, follow-up"
Istanbul,Turkey,Hip Replacement,Memorial Sisli Hospital,"Sisli, Istanbul","+90 212 314 66 66",info@memorial.com.tr,https://www.memorial.com.tr,8000,12000,USD,"JCI-accredited orthopedic center, European standard implants",JCI,1995,1500+,,"English, Turkish, Arabic, Russian","Surgery, 5-night hospital stay, implant, physiotherapy, medications"
Dubai,UAE,Hip Replacement,Mediclinic City Hospital,"Dubai Healthcare City, Dubai","+971 4 435 9999",info@mediclinic.ae,https://www.mediclinic.ae,15000,22000,USD,"International standard orthopedic center, experienced surgeons","JHA, JCI",2008,800+,,"English, Arabic, French","Surgery, hospital stay, premium implant, rehabilitation program"
Mexico City,Mexico,Hip Replacement,Hospital Angeles Lomas,"Huixquilucan, State of Mexico","+52 55 5246 9000",info@hospitalangeles.com,https://www.hospitalangeles.com,10000,14000,USD,"JCI-accredited, comprehensive orthopedic department","JCI",1991,1000+,,"English, Spanish","Surgery, hospital stay, implant, physical therapy, follow-up"
San Jose,Costa Rica,Hip Replacement,Hospital Clinica Biblica,"San Jose, Costa Rica","+506 2522 1000",info@clinicabiblica.com,https://www.clinicabiblica.com,11000,15000,USD,"JCI-accredited, experienced orthopedic surgeons, medical tourism packages","JCI",1929,600+,,"English, Spanish","Surgery, hospital stay, implant, rehabilitation, medications"
Bangkok,Thailand,Knee Replacement,Bumrungrad International Hospital,"33 Sukhumvit 3, Wattana, Bangkok 10110","+66 2 066 8888",info@bumrungrad.com,https://www.bumrungrad.com,11000,15000,USD,"Premier orthopedic center, robotic-assisted surgery, comprehensive rehabilitation","JCI, ISO",1980,1100000,96%,"English, Thai, Arabic, Chinese, Japanese","Surgery, 4-5 night hospital stay, implant, physical therapy, medications"
Bangkok,Thailand,Knee Replacement,Bangkok Hospital Orthopedic Center,"2 Soi Soonvijai 7, New Petchburi Rd, Bangkok 10310","+66 2 310 3000",[email protected],https://www.bangkokhospital.com,10000,14000,USD,"Asia's Top Hospital, experienced knee surgeons, modern techniques","JCI",1972,900+,,"English, Thai, Arabic","Surgery, hospital stay, implant, rehabilitation program, follow-up"
Bangkok,Thailand,Knee Replacement,Samitivej Sukhumvit Hospital,"133 Sukhumvit 49, Vadhana, Bangkok 10110","+66 2 711 8000",info@samitivej.co.th,https://www.samitivej.co.th,9500,13500,USD,"JCI-accredited, minimally invasive techniques, comprehensive care","JCI",1979,700+,,"English, Thai, Japanese","Surgery, 4-night stay, implant, physiotherapy, medications"
Singapore,Singapore,Knee Replacement,Mount Elizabeth Hospital,"3 Mount Elizabeth, Singapore 228510","+65 6731 2218",enquiry@parkwaypantai.com,https://www.mountelizabeth.com.sg,16000,23000,USD,"Premium orthopedic care, experienced surgeons, advanced implants","JCI",1979,1400+,,"English, Chinese, Malay","Surgery, hospital stay, premium implant, rehabilitation program"
New Delhi,India,Knee Replacement,Max Super Specialty Hospital,"Saket, New Delhi","+91 11 2651 5050",info@maxhealthcare.com,https://www.maxhealthcare.com,6500,9500,USD,"Leading hospital chain, experienced orthopedic department","NABH, JCI",2006,3000+,,"English, Hindi","Surgery, 5-night hospital stay, implant, physical therapy"
Mumbai,India,Knee Replacement,Kokilaben Dhirubhai Ambani Hospital,"Andheri, Mumbai","+91 22 4269 6969",info@kokilabenhospital.com,https://www.kokilabenhospital.com,6000,9000,USD,"Premium hospital, state-of-the-art orthopedic center","NABH, JCI",2009,2500+,,"English, Hindi, Gujarati","Surgery, hospital stay, implant, rehabilitation, follow-up"
Istanbul,Turkey,Knee Replacement,Memorial Bahcelievler Hospital,"Bahcelievler, Istanbul","+90 212 314 66 66",info@memorial.com.tr,https://www.memorial.com.tr,7500,11000,USD,"JCI-accredited, comprehensive orthopedic services, European implants",JCI,2014,1800+,,"English, Turkish, Arabic, Russian","Surgery, 5-night hospital stay, implant, physiotherapy, medications"
Dubai,UAE,Knee Replacement,American Hospital Dubai,"Oud Metha, Dubai","+971 4 336 7777",info@ahdubai.com,https://www.ahdubai.com,14000,20000,USD,"Established 1996, comprehensive orthopedic center","JCI, JCIA",1996,1000+,,"English, Arabic, French","Surgery, hospital stay, premium implant, rehabilitation program"
Mexico City,Mexico,Knee Replacement,Hospital Angeles Lomas,"Huixquilucan, State of Mexico","+52 55 5246 9000",info@hospitalangeles.com,https://www.hospitalangeles.com,9000,13000,USD,"JCI-accredited, experienced orthopedic surgeons","JCI",1991,1200+,,"English, Spanish","Surgery, hospital stay, implant, physical therapy, follow-up"
San Jose,Costa Rica,Knee Replacement,Hospital CIMA,"San Jose, Costa Rica","+506 2208 1000",info@hospitalsanjose.net,https://www.hospitalsanjose.net,10000,14000,USD,"JCI-accredited, comprehensive orthopedic department","JCI",2000,800+,,"English, Spanish","Surgery, hospital stay, implant, rehabilitation, medications"
Bangkok,Thailand,Liposuction,Yanhee International Hospital,"454 Charansanitwong Road, Bang Phlat, Bangkok 10700","+66 2 879 0300",info@yanhee.net,https://www.yanhee.net,2500,4500,USD,"World-renowned for body contouring, VASER & traditional lipo, 24-hour care","JCI",1984,5000+,,"English, Thai, Arabic, Chinese, Japanese, Russian","Surgery, 1-night hospital stay, compression garments, hotel, medications"
Bangkok,Thailand,Liposuction,Bangkok Hospital Plastic Surgery,"2 Soi Soonvijai 7, New Petchburi Rd, Bangkok 10310","+66 2 310 3000",[email protected],https://www.bangkokhospital.com,3000,5000,USD,"Asia's Top Hospital, advanced body contouring techniques","JCI",1972,3000+,,"English, Thai, Arabic","Surgery, hospital stay, garments, medications, follow-up"
Bangkok,Thailand,Liposuction,Phuket Plastic Surgery Institute,"Phuket (Bangkok branch)","+66 76 233 555",info@ppsi.co.th,https://www.ppsi.co.th,2200,4000,USD,"Specialized in body contouring, 20+ years experience","ISAPS",2000,4000+,,"English, Thai, Chinese","Surgery, hospital stay, compression garments, follow-up"
Istanbul,Turkey,Liposuction,Estethica Surgery,"Atasehir, Istanbul","+90 216 570 00 00",info@estethica.com.tr,https://www.estethica.com.tr,2000,3800,USD,"Turkey's largest aesthetic chain, VASER lipo specialists","ISO 9001",2004,15000+,,"English, Turkish, Arabic, Russian","Surgery, hospital stay, hotel, garments, transfers"
Istanbul,Turkey,Liposuction,Memorial Sisli Hospital,"Sisli, Istanbul","+90 212 314 66 66",info@memorial.com.tr,https://www.memorial.com.tr,2200,4000,USD,"JCI-accredited, experienced plastic surgeons",JCI,1995,2500+,,"English, Turkish, Arabic","Surgery, hospital stay, hotel, compression garments"
Mexico City,Mexico,Liposuction,Profiles Beverly Hills,"Mexico City, Mexico","+52 55 5281 4444",info@profilesbeverlyhills.com,https://www.profilesbeverlyhills.com,2800,4800,USD,"Board-certified surgeons, VASER & traditional lipo, 25+ years experience","American Board of Plastic Surgery",1995,3500+,,"English, Spanish","Surgery, hospital stay, hotel, garments, medications"
Cancun,Mexico,Liposuction,Costamed Medical Group,"Cancun, Quintana Roo","+52 998 881 3400",info@costamed.com,https://www.costamed.com,2500,4500,USD,"JCI-accredited, body contouring specialists, beach recovery packages","JCI, COFEPRIS",2005,4000+,,"English, Spanish","Surgery, hospital stay, hotel, transfers, beach recovery"
Tijuana,Mexico,Liposuction,Renew Body Contouring,"Tijuana, Baja California","+52 664 634 0923",info@renewbodycontouring.com,https://www.renewbodycontouring.com,2200,4000,USD,"Body contouring specialists, close to US border, recovery house","Mexican Board of Plastic Surgery",2010,2500+,,"English, Spanish","Surgery, recovery house, garments, medications"
Medellin,Colombia,Liposuction,COS Medellin Plastic Surgery,"El Poblado, Medellin","+57 4 444 5555",info@cosmedellin.com,https://www.cosmedellin.com,2000,3800,USD,"Colombia's body contouring capital, VASER & HD lipo","Colombian Society of Plastic Surgery",2008,6000+,98%,"English, Spanish, Portuguese","Surgery, recovery villa, nursing care, garments"
Bogota,Colombia,Liposuction,Hospital Universitario Mayor,"Bogota, Colombia","+57 1 745 9191",info@hospitalmayormed.com,https://www.hospitalmayormed.com,1800,3500,USD,"University hospital, experienced plastic surgery department","Colombian Ministry of Health",1998,4000+,,"English, Spanish","Surgery, hospital stay, medications, follow-up"
Dubai,UAE,Liposuction,Cocoona Centre,"Dubai Healthcare City, Dubai","+971 4 388 1313",info@cocoona.ae,https://www.cocoona.ae,3500,6000,USD,"Award-winning aesthetic center, VASER & laser lipo","DHA, ISO",2008,2500+,,"English, Arabic, Russian","Surgery, hospital stay, luxury recovery, garments"
Seoul,South Korea,Liposuction,ID Hospital,"Gangnam, Seoul","+82 2 3496 9787",info@idhospital.com,https://www.idhospital.com,2800,5000,USD,"Korea's #1 cosmetic brand, advanced body contouring","JCI, KOPS",2004,70000+,97%,"English, Korean, Chinese, Japanese","Surgery, hospital stay, translator, garments, follow-up"
Mexico City,Mexico,Rhinoplasty,Dr. Jose Cortes Clinic,"Mexico City, Mexico","+52 55 5555 1234",info@drjosecortes.com,https://www.drjosecortes.com,5400,7500,USD,"18 years experience, 1,100+ rhinoplasties, ultrasonic rhinoplasty pioneer","Mexican Association of Plastic Surgery",2005,1100+,,"English, Spanish","Surgery, pre-op tests, medications, follow-up consultations"
Mexico City,Mexico,Rhinoplasty,Dr. Efrain Arreola Mendoza,"Mexico City, Mexico","+52 55 5566 7788",info@drefrainplastica.com,https://www.drefrainplastica.com,4558,4558,USD,"39 years experience, 200+ procedures annually",,1985,200+,,"English, Spanish","Surgery, 1-day hospital stay, CT scan, 3 nights hotel"
Mexico City,Mexico,Rhinoplasty,Cirplast Plastic Surgery,"Mexico City, Mexico","+52 55 5277 4444",info@cirplast.com,https://www.cirplast.com,3600,5533,USD,"Specialized plastic surgery center","Asociación Mexicana de Cirugía Plástica, American Society of Plastic Surgeons",2000,500+,,"English, Spanish","Surgery, consultation"
Cancun,Mexico,Rhinoplasty,Costamed Medical Group,"Cancun, Quintana Roo","+52 998 881 3400",info@costamed.com,https://www.costamed.com,4200,6500,USD,"JCI-accredited, experienced rhinoplasty surgeons, beach recovery","JCI, COFEPRIS",2005,600+,,"English, Spanish","Surgery, hospital stay, hotel, beach recovery"
Tijuana,Mexico,Rhinoplasty,International BioCare Hospital,"Tijuana, Baja California","+1 619 690 8450",info@biocarehospital.com,https://www.biocarehospital.com,3800,5800,USD,"Close to US border, board-certified surgeons","Mexican Board of Plastic Surgery",1997,800+,,"English, Spanish","Surgery, hospital stay, medications, follow-up"
Istanbul,Turkey,Rhinoplasty,Estethica Surgery,"Atasehir, Istanbul","+90 216 570 00 00",info@estethica.com.tr,https://www.estethica.com.tr,3200,5200,USD,"Turkey's largest aesthetic chain, ultrasonic & traditional rhinoplasty","ISO 9001",2004,15000+,,"English, Turkish, Arabic, Russian","Surgery, hospital stay, hotel, transfers, post-op care"
Istanbul,Turkey,Rhinoplasty,Memorial Bahcelievler Hospital,"Bahcelievler, Istanbul","+90 212 314 66 66",info@memorial.com.tr,https://www.memorial.com.tr,3500,5500,USD,"JCI-accredited, experienced ENT & plastic surgeons",JCI,2014,1000+,,"English, Turkish, Arabic","Surgery, 1-night hospital stay, hotel, medications"
Seoul,South Korea,Rhinoplasty,ID Hospital,"Gangnam, Seoul","+82 2 3496 9787",info@idhospital.com,https://www.idhospital.com,4500,7500,USD,"Korea's #1 cosmetic brand, specialized in Asian rhinoplasty","JCI, KOPS",2004,70000+,97%,"English, Korean, Chinese, Japanese, Russian","Surgery, hospital stay, translator, medications, follow-up"
Seoul,South Korea,Rhinoplasty,The Line Plastic Surgery Clinic,"Gangnam, Seoul","+82 2 547 2700",info@thelineps.com,https://www.thelineps.com,4000,7000,USD,"Rhinoplasty specialists, natural results, 3D imaging","KOPS",2010,3000+,,"English, Korean, Chinese","Surgery, recovery care, medications, follow-up"
Bogota,Colombia,Rhinoplasty,Hospital Universitario Mayor,"Bogota, Colombia","+57 1 745 9191",info@hospitalmayormed.com,https://www.hospitalmayormed.com,3200,5000,USD,"University hospital, experienced rhinoplasty surgeons","Colombian Ministry of Health",1998,800+,,"English, Spanish","Surgery, hospital stay, medications, follow-up"
Medellin,Colombia,Rhinoplasty,COS Medellin Plastic Surgery,"El Poblado, Medellin","+57 4 444 5555",info@cosmedellin.com,https://www.cosmedellin.com,3000,4800,USD,"Colombia's plastic surgery hub, ultrasonic rhinoplasty available","Colombian Society of Plastic Surgery",2008,1200+,98%,"English, Spanish, Portuguese","Surgery, recovery villa, medications, follow-up"
Bangkok,Thailand,Rhinoplasty,Yanhee International Hospital,"454 Charansanitwong Road, Bang Phlat, Bangkok 10700","+66 2 879 0300",info@yanhee.net,https://www.yanhee.net,3500,5500,USD,"World-renowned for facial procedures, serves 160+ countries","JCI",1984,2000+,,"English, Thai, Arabic, Chinese, Japanese","Surgery, 1-night hospital stay, hotel, medications, follow-up"
Dubai,UAE,Rhinoplasty,American Academy of Cosmetic Surgery,"Al Barsha, Dubai","+971 4 423 5600",info@aacsh.com,https://www.aacsh.com,5500,9000,USD,"First JCI-accredited cosmetic hospital in Middle East, experienced surgeons","JCI, DHA",2005,1000+,,"English, Arabic, French","Surgery, hospital stay, luxury recovery, medications"
New Delhi,India,Rhinoplasty,Cocoona Centre of Aesthetic Transformation,"Defence Colony, New Delhi","+91 11 4166 3000",info@cocoona.in,https://www.cocoona.in,2500,4500,USD,"Specialized rhinoplasty center, international patients","ISO",2012,600+,,"English, Hindi","Surgery, hospital stay, medications, follow-up"
Bangkok,Thailand,Tummy Tuck,Yanhee International Hospital,"454 Charansanitwong Road, Bang Phlat, Bangkok 10700","+66 2 879 0300",info@yanhee.net,https://www.yanhee.net,4000,6500,USD,"World-renowned for body contouring, 24-hour care, comprehensive packages","JCI",1984,3000+,,"English, Thai, Arabic, Chinese, Japanese, Russian","Surgery, 2-night hospital stay, hotel, compression garments, medications"
Bangkok,Thailand,Tummy Tuck,Bangkok Hospital Plastic Surgery,"2 Soi Soonvijai 7, New Petchburi Rd, Bangkok 10310","+66 2 310 3000",[email protected],https://www.bangkokhospital.com,4500,7000,USD,"Asia's Top Hospital, experienced abdominoplasty surgeons","JCI",1972,2000+,,"English, Thai, Arabic","Surgery, hospital stay, garments, post-op care"
Bangkok,Thailand,Tummy Tuck,Phuket Plastic Surgery Institute,"Phuket (Bangkok branch)","+66 76 233 555",info@ppsi.co.th,https://www.ppsi.co.th,3800,6000,USD,"Body contouring specialists, 20+ years experience","ISAPS",2000,2500+,,"English, Thai, Chinese","Surgery, hospital stay, compression garments, follow-up"
Istanbul,Turkey,Tummy Tuck,Estethica Surgery,"Atasehir, Istanbul","+90 216 570 00 00",info@estethica.com.tr,https://www.estethica.com.tr,3500,5500,USD,"Turkey's largest aesthetic chain, abdominoplasty specialists","ISO 9001",2004,15000+,,"English, Turkish, Arabic, Russian","Surgery, hospital stay, hotel, garments, transfers"
Istanbul,Turkey,Tummy Tuck,Memorial Sisli Hospital,"Sisli, Istanbul","+90 212 314 66 66",info@memorial.com.tr,https://www.memorial.com.tr,3800,6000,USD,"JCI-accredited, experienced plastic surgeons, modern techniques",JCI,1995,1800+,,"English, Turkish, Arabic","Surgery, 1-2 night hospital stay, hotel, garments"
Mexico City,Mexico,Tummy Tuck,Profiles Beverly Hills,"Mexico City, Mexico","+52 55 5281 4444",info@profilesbeverlyhills.com,https://www.profilesbeverlyhills.com,4500,7000,USD,"Board-certified surgeons, 25+ years experience, comprehensive packages","American Board of Plastic Surgery",1995,2000+,,"English, Spanish","Surgery, hospital stay, hotel, garments, medications"
Cancun,Mexico,Tummy Tuck,Costamed Medical Group,"Cancun, Quintana Roo","+52 998 881 3400",info@costamed.com,https://www.costamed.com,4200,6500,USD,"JCI-accredited, body contouring center, beachfront recovery","JCI, COFEPRIS",2005,2500+,,"English, Spanish","Surgery, hospital stay, hotel, beach recovery, garments"
Tijuana,Mexico,Tummy Tuck,Renew Body Contouring,"Tijuana, Baja California","+52 664 634 0923",info@renewbodycontouring.com,https://www.renewbodycontouring.com,3800,6000,USD,"Body contouring specialists, close to US border, recovery facilities","Mexican Board of Plastic Surgery",2010,1800+,,"English, Spanish","Surgery, recovery house, garments, medications"
Medellin,Colombia,Tummy Tuck,COS Medellin Plastic Surgery,"El Poblado, Medellin","+57 4 444 5555",info@cosmedellin.com,https://www.cosmedellin.com,3500,5500,USD,"Colombia's body contouring capital, experienced surgeons","Colombian Society of Plastic Surgery",2008,4000+,98%,"English, Spanish, Portuguese","Surgery, recovery villa, nursing care, garments"
Bogota,Colombia,Tummy Tuck,Hospital Universitario Mayor,"Bogota, Colombia","+57 1 745 9191",info@hospitalmayormed.com,https://www.hospitalmayormed.com,3200,5000,USD,"University hospital, comprehensive plastic surgery department","Colombian Ministry of Health",1998,2500+,,"English, Spanish","Surgery, hospital stay, medications, follow-up"
Dubai,UAE,Tummy Tuck,Cocoona Centre,"Dubai Healthcare City, Dubai","+971 4 388 1313",info@cocoona.ae,https://www.cocoona.ae,5500,8500,USD,"Award-winning aesthetic center, luxury recovery suites","DHA, ISO",2008,1500+,,"English, Arabic, Russian","Surgery, hospital stay, luxury recovery, garments"
Seoul,South Korea,Tummy Tuck,ID Hospital,"Gangnam, Seoul","+82 2 3496 9787",info@idhospital.com,https://www.idhospital.com,4500,7000,USD,"Korea's #1 cosmetic brand, advanced body contouring techniques","JCI, KOPS",2004,70000+,97%,"English, Korean, Chinese, Japanese","Surgery, hospital stay, translator, garments, follow-up"
San Jose,Costa Rica,Tummy Tuck,Hospital Clinica Biblica,"San Jose, Costa Rica","+506 2522 1000",info@clinicabiblica.com,https://www.clinicabiblica.com,4800,7000,USD,"JCI-accredited, experienced plastic surgeons, medical tourism packages","JCI",1929,1200+,,"English, Spanish","Surgery, hospital stay, medications, follow-up"
Prague,Czech Republic,Tummy Tuck,Prague Aesthetic Center,"Prague 1, Czech Republic","+420 222 230 081",info@pragueaesthetic.com,https://www.pragueaesthetic.com,3500,5500,EUR,"Central Europe's plastic surgery hub, experienced surgeons","ISO",2008,1000+,,"English, German, Czech, Russian","Surgery, hospital stay, hotel assistance, garments"
Bangkok,Thailand,IVF,Jetanin Institute,"Bangkok, Thailand","+66 2 253 7777",info@jetanin.com,https://www.jetanin.com,4500,7000,USD,"Thailand's first IVF center, 30+ years experience, 40% success rate","ISO 9001",1990,5000+,40%,"English, Thai, Chinese, Japanese","IVF cycle, medications, consultations, embryo transfer, pregnancy test"
Bangkok,Thailand,IVF,Samitivej Sukhumvit Hospital,"133 Sukhumvit 49, Vadhana, Bangkok 10110","+66 2 711 8000",info@samitivej.co.th,https://www.samitivej.co.th,5000,7500,USD,"JCI-accredited IVF center, comprehensive fertility services, 45% success rate","JCI",1979,3000+,45%,"English, Thai, Japanese","IVF cycle, medications, monitoring, transfer, follow-up"
Bangkok,Thailand,IVF,Bangkok Hospital IVF Center,"2 Soi Soonvijai 7, New Petchburi Rd, Bangkok 10310","+66 2 310 3000",[email protected],https://www.bangkokhospital.com,4800,7200,USD,"Asia's Top Hospital, advanced reproductive medicine, 42% success rate","JCI",1972,4000+,42%,"English, Thai, Arabic","IVF cycle, medications, ultrasounds, transfer, pregnancy test"
Singapore,Singapore,IVF,Thomson Fertility Centre,"Thomson Medical Centre, Singapore","+65 6252 7766",info@thomsonfertility.com,https://www.thomsonfertility.com,8000,12000,USD,"Leading fertility center, 50% success rate, advanced technology","Private Hospital and Medical Clinic License",1987,2500+,50%,"English, Chinese, Malay","IVF cycle, medications, monitoring, embryo transfer, counseling"
New Delhi,India,IVF,Nova IVF Fertility,"Multiple Delhi locations","+91 11 4242 4242",info@novaivffertility.com,https://www.novaivffertility.com,2500,4000,USD,"India's largest IVF chain, 50+ centers, 45% success rate","ISO, NABH",2012,15000+,45%,"English, Hindi","IVF cycle, medications, scans, embryo transfer, pregnancy test"
Mumbai,India,IVF,Bloom IVF Centre,"Lilavati Hospital Campus, Mumbai","+91 22 2640 2000",info@bloomivf.com,https://www.bloomivf.com,2800,4500,USD,"Premium IVF center, experienced specialists, 48% success rate","ISO",2005,3000+,48%,"English, Hindi, Marathi","IVF cycle, medications, monitoring, transfer, counseling"
Istanbul,Turkey,IVF,Memorial Sisli Hospital IVF Center,"Sisli, Istanbul","+90 212 314 66 66",info@memorial.com.tr,https://www.memorial.com.tr,3500,5500,USD,"JCI-accredited fertility center, 45% success rate, comprehensive services",JCI,1995,4000+,45%,"English, Turkish, Arabic, Russian","IVF cycle, medications, ultrasounds, embryo transfer, follow-up"
Istanbul,Turkey,IVF,Acibadem Altunizade Hospital,"Altunizade, Istanbul","+90 216 544 44 44",info@acibadem.com.tr,https://www.acibadem.com.tr,3800,6000,USD,"Leading IVF center, advanced laboratory, 43% success rate","JCI, ISO",2002,3500+,43%,"English, Turkish, Arabic","IVF cycle, medications, monitoring, transfer, pregnancy test"
Dubai,UAE,IVF,Fakih IVF Fertility Center,"Dubai, UAE","+971 4 379 6464",info@fakihivf.com,https://www.fakihivf.com,6000,9000,USD,"Award-winning fertility center, 50%+ success rate, advanced technology","DHA, JCI",2003,5000+,52%,"English, Arabic, French","IVF cycle, medications, monitoring, embryo transfer, counseling"
Prague,Czech Republic,IVF,GENNET Prague,"Prague 7, Czech Republic","+420 257 225 511",info@gennet.cz,https://www.gennet.cz,3000,5000,EUR,"Central Europe's leading IVF center, 48% success rate, donor programs","ISO",1997,4000+,48%,"English, German, Czech, Russian","IVF cycle, medications, scans, embryo transfer, follow-up"
Athens,Greece,IVF,Embryolab IVF Clinic,"Athens, Greece","+30 210 699 3089",info@embryolab.eu,https://www.embryolab.eu,3500,5500,EUR,"Advanced IVF center, 50% success rate, experienced embryologists","ISO",2003,2000+,50%,"English, Greek, Russian","IVF cycle, medications, monitoring, transfer, pregnancy test"
Nicosia,Cyprus,IVF,North Cyprus IVF,"Nicosia, Cyprus","+90 392 444 0600",info@northcyprusivf.com,https://www.northcyprusivf.com,3200,5200,EUR,"Comprehensive fertility center, donor programs, 45% success rate","TRNC Ministry of Health",2005,3000+,45%,"English, Turkish, Russian","IVF cycle, medications, ultrasounds, embryo transfer, follow-up"
Mexico City,Mexico,IVF,Ingenes Mexico City,"Mexico City, Mexico","+52 55 5063 0900",info@ingenes.com,https://www.ingenes.com,4000,6500,USD,"Latin America's leading IVF network, 40% success rate, guarantee programs","Mexican Fertility Association",2000,5000+,40%,"English, Spanish","IVF cycle, medications, monitoring, transfer, pregnancy test"
Cancun,Mexico,IVF,Cancun Fertility Center,"Cancun, Quintana Roo","+52 998 253 2835",info@cancunfertility.com,https://www.cancunfertility.com,3800,6000,USD,"Beachfront fertility clinic, vacation + treatment packages, 42% success rate",,2010,1500+,42%,"English, Spanish","IVF cycle, medications, monitoring, transfer, beach recovery"
Bogota,Colombia,IVF,INSER Bogota,"Bogota, Colombia","+57 1 603 4000",info@inser.com.co,https://www.inser.com.co,3500,5500,USD,"Colombia's leading fertility center, 45% success rate, research-based","Colombian Society of Reproductive Medicine",1995,3500+,45%,"English, Spanish","IVF cycle, medications, scans, embryo transfer, counseling"
