{
  "procedure": "Botox",
  "category": "Cosmetic",
  "city": "Almaty",
  "country": "Kazakhstan",
  "region": "Central Asia",
  "price_low_usd": 100,
  "price_high_usd": 400,
  "price_mid_usd": 250,
  "currency": "USD",
  "included": "Botox injection per area",
  "notes": "Price varies by units",
  "confidence": "Medium",
  "source": "Market estimates",
  "caveats": "Standard treatment areas",
  "lat": 43.222,
  "lng": 76.8512,
  "_id": "botox_almaty"
}
{
  "procedure": "Botox",
  "category": "Cosmetic",
  "city": "Amsterdam",
  "country": "Netherlands",
  "region": "Europe",
  "price_low_usd": 100,
  "price_high_usd": 400,
  "price_mid_usd": 250,
  "currency": "USD",
  "included": "Botox injection per area",
  "notes": "Price varies by units",
  "confidence": "Medium",
  "source": "Market estimates",
  "caveats": "Standard treatment areas",
  "lat": 52.3676,
  "lng": 4.9041,
  "_id": "botox_amsterdam"
}
{
  "procedure": "Botox",
  "category": "Cosmetic",
  "city": "Athens",
  "country": "Greece",
  "region": "Europe",
  "price_low_usd": 100,
  "price_high_usd": 400,
  "price_mid_usd": 250,
  "currency": "USD",
  "included": "Botox injection per area",
  "notes": "Price varies by units",
  "confidence": "Medium",
  "source": "Market estimates",
  "caveats": "Standard treatment areas",
  "lat": 37.9838,
  "lng": 23.7275,
  "_id": "botox_athens"
}
{
  "procedure": "Botox",
  "category": "Cosmetic",
  "city": "Austin",
  "country": "USA",
  "region": "North America",
  "price_low_usd": 100,
  "price_high_usd": 400,
  "price_mid_usd": 250,
  "currency": "USD",
  "included": "Botox injection per area",
  "notes": "Price varies by units",
  "confidence": "Medium",
  "source": "Market estimates",
  "caveats": "Standard treatment areas",
  "lat": 30.2672,
  "lng": -97.7431,
  "_id": "botox_austin"
}
{
  "procedure": "Botox",
  "category": "Cosmetic",
  "city": "Bangkok",
  "country": "Thailand",
  "region": "Southeast Asia",
  "price_low_usd": 100,
  "price_high_usd": 400,
  "price_mid_usd": 250,
  "currency": "USD",
  "included": "Botox injection per area",
  "notes": "Price varies by units",
  "confidence": "Medium",
  "source": "Market estimates",
  "caveats": "Standard treatment areas",
  "lat": 13.7563,
  "lng": 100.5018,
  "_id": "botox_bangkok"
}
{
  "procedure": "Botox",
  "category": "Cosmetic",
  "city": "Barcelona",
  "country": "Spain",
  "region": "Europe",
  "price_low_usd": 100,
  "price_high_usd": 400,
  "price_mid_usd": 250,
  "currency": "USD",
  "included": "Botox injection per area",
  "notes": "Price varies by units",
  "confidence": "Medium",
  "source": "Market estimates",
  "caveats": "Standard treatment areas",
  "lat": 41.3851,
  "lng": 2.1734,
  "_id": "botox_barcelona"
}
{
  "procedure": "Botox",
  "category": "Cosmetic",
  "city": "Berlin",
  "country": "Germany",
  "region": "Europe",
  "price_low_usd": 100,
  "price_high_usd": 400,
  "price_mid_usd": 250,
  "currency": "USD",
  "included": "Botox injection per area",
  "notes": "Price varies by units",
  "confidence": "Medium",
  "source": "Market estimates",
  "caveats": "Standard treatment areas",
  "lat": 52.52,
  "lng": 13.405,
  "_id": "botox_berlin"
}
{
  "procedure": "Botox",
  "category": "Cosmetic",
  "city": "Bogotá",
  "country": "Colombia",
  "region": "Latin America",
  "price_low_usd": 100,
  "price_high_usd": 400,
  "price_mid_usd": 250,
  "currency": "USD",
  "included": "Botox injection per area",
  "notes": "Price varies by units",
  "confidence": "Medium",
  "source": "Market estimates",
  "caveats": "Standard treatment areas",
  "lat": 4.711,
  "lng": -74.0721,
  "_id": "botox_bogotá"
}
{
  "procedure": "Botox",
  "category": "Cosmetic",
  "city": "Bratislava",
  "country": "Slovakia",
  "region": "Europe",
  "price_low_usd": 100,
  "price_high_usd": 400,
  "price_mid_usd": 250,
  "currency": "USD",
  "included": "Botox injection per area",
  "notes": "Price varies by units",
  "confidence": "Medium",
  "source": "Market estimates",
  "caveats": "Standard treatment areas",
  "lat": 48.1486,
  "lng": 17.1077,
  "_id": "botox_bratislava"
}
{
  "procedure": "Botox",
  "category": "Cosmetic",
  "city": "Brussels",
  "country": "Belgium",
  "region": "Europe",
  "price_low_usd": 100,
  "price_high_usd": 400,
  "price_mid_usd": 250,
  "currency": "USD",
  "included": "Botox injection per area",
  "notes": "Price varies by units",
  "confidence": "Medium",
  "source": "Market estimates",
  "caveats": "Standard treatment areas",
  "lat": 50.8503,
  "lng": 4.3517,
  "_id": "botox_brussels"
}
{
  "procedure": "Botox",
  "category": "Cosmetic",
  "city": "Bucharest",
  "country": "Romania",
  "region": "Europe",
  "price_low_usd": 100,
  "price_high_usd": 400,
  "price_mid_usd": 250,
  "currency": "USD",
  "included": "Botox injection per area",
  "notes": "Price varies by units",
  "confidence": "Medium",
  "source": "Market estimates",
  "caveats": "Standard treatment areas",
  "lat": 44.4268,
  "lng": 26.1025,
  "_id": "botox_bucharest"
}
{
  "procedure": "Botox",
  "category": "Cosmetic",
  "city": "Budapest",
  "country": "Hungary",
  "region": "Europe",
  "price_low_usd": 100,
  "price_high_usd": 400,
  "price_mid_usd": 250,
  "currency": "USD",
  "included": "Botox injection per area",
  "notes": "Price varies by units",
  "confidence": "Medium",
  "source": "Market estimates",
  "caveats": "Standard treatment areas",
  "lat": 47.4979,
  "lng": 19.0402,
  "_id": "botox_budapest"
}
{
  "procedure": "Botox",
  "category": "Cosmetic",
  "city": "Buenos Aires",
  "country": "Argentina",
  "region": "South America",
  "price_low_usd": 100,
  "price_high_usd": 400,
  "price_mid_usd": 250,
  "currency": "USD",
  "included": "Botox injection per area",
  "notes": "Price varies by units",
  "confidence": "Medium",
  "source": "Market estimates",
  "caveats": "Standard treatment areas",
  "lat": -34.6037,
  "lng": -58.3816,
  "_id": "botox_buenos_aires"
}
{
  "procedure": "Botox",
  "category": "Cosmetic",
  "city": "Chicago",
  "country": "USA",
  "region": "North America",
  "price_low_usd": 100,
  "price_high_usd": 400,
  "price_mid_usd": 250,
  "currency": "USD",
  "included": "Botox injection per area",
  "notes": "Price varies by units",
  "confidence": "Medium",
  "source": "Market estimates",
  "caveats": "Standard treatment areas",
  "lat": 41.8781,
  "lng": -87.6298,
  "_id": "botox_chicago"
}
{
  "procedure": "Botox",
  "category": "Cosmetic",
  "city": "Copenhagen",
  "country": "Denmark",
  "region": "Europe",
  "price_low_usd": 100,
  "price_high_usd": 400,
  "price_mid_usd": 250,
  "currency": "USD",
  "included": "Botox injection per area",
  "notes": "Price varies by units",
  "confidence": "Medium",
  "source": "Market estimates",
  "caveats": "Standard treatment areas",
  "lat": 55.6761,
  "lng": 12.5683,
  "_id": "botox_copenhagen"
}
{
  "procedure": "Botox",
  "category": "Cosmetic",
  "city": "Dallas",
  "country": "USA",
  "region": "North America",
  "price_low_usd": 100,
  "price_high_usd": 400,
  "price_mid_usd": 250,
  "currency": "USD",
  "included": "Botox injection per area",
  "notes": "Price varies by units",
  "confidence": "Medium",
  "source": "Market estimates",
  "caveats": "Standard treatment areas",
  "lat": 32.7767,
  "lng": -96.797,
  "_id": "botox_dallas"
}
{
  "procedure": "Botox",
  "category": "Cosmetic",
  "city": "Delhi",
  "country": "India",
  "region": "South Asia",
  "price_low_usd": 100,
  "price_high_usd": 400,
  "price_mid_usd": 250,
  "currency": "USD",
  "included": "Botox injection per area",
  "notes": "Price varies by units",
  "confidence": "Medium",
  "source": "Market estimates",
  "caveats": "Standard treatment areas",
  "lat": 28.7041,
  "lng": 77.1025,
  "_id": "botox_delhi"
}
{
  "procedure": "Botox",
  "category": "Cosmetic",
  "city": "Dubai",
  "country": "UAE",
  "region": "Middle East",
  "price_low_usd": 100,
  "price_high_usd": 400,
  "price_mid_usd": 250,
  "currency": "USD",
  "included": "Botox injection per area",
  "notes": "Price varies by units",
  "confidence": "Medium",
  "source": "Market estimates",
  "caveats": "Standard treatment areas",
  "lat": 25.2048,
  "lng": 55.2708,
  "_id": "botox_dubai"
}
{
  "procedure": "Botox",
  "category": "Cosmetic",
  "city": "Dublin",
  "country": "Ireland",
  "region": "Europe",
  "price_low_usd": 100,
  "price_high_usd": 400,
  "price_mid_usd": 250,
  "currency": "USD",
  "included": "Botox injection per area",
  "notes": "Price varies by units",
  "confidence": "Medium",
  "source": "Market estimates",
  "caveats": "Standard treatment areas",
  "lat": 53.3498,
  "lng": -6.2603,
  "_id": "botox_dublin"
}
{
  "procedure": "Botox",
  "category": "Cosmetic",
  "city": "Helsinki",
  "country": "Finland",
  "region": "Europe",
  "price_low_usd": 100,
  "price_high_usd": 400,
  "price_mid_usd": 250,
  "currency": "USD",
  "included": "Botox injection per area",
  "notes": "Price varies by units",
  "confidence": "Medium",
  "source": "Market estimates",
  "caveats": "Standard treatment areas",
  "lat": 60.1695,
  "lng": 24.9354,
  "_id": "botox_helsinki"
}
{
  "procedure": "Botox",
  "category": "Cosmetic",
  "city": "Ho Chi Minh City",
  "country": "Vietnam",
  "region": "Southeast Asia",
  "price_low_usd": 100,
  "price_high_usd": 400,
  "price_mid_usd": 250,
  "currency": "USD",
  "included": "Botox injection per area",
  "notes": "Price varies by units",
  "confidence": "Medium",
  "source": "Market estimates",
  "caveats": "Standard treatment areas",
  "lat": 10.8231,
  "lng": 106.6297,
  "_id": "botox_ho_chi_minh_city"
}
{
  "procedure": "Botox",
  "category": "Cosmetic",
  "city": "Houston",
  "country": "USA",
  "region": "North America",
  "price_low_usd": 100,
  "price_high_usd": 400,
  "price_mid_usd": 250,
  "currency": "USD",
  "included": "Botox injection per area",
  "notes": "Price varies by units",
  "confidence": "Medium",
  "source": "Market estimates",
  "caveats": "Standard treatment areas",
  "lat": 29.7604,
  "lng": -95.3698,
  "_id": "botox_houston"
}
{
  "procedure": "Botox",
  "category": "Cosmetic",
  "city": "Istanbul",
  "country": "Turkey",
  "region": "Middle East / Europe",
  "price_low_usd": 100,
  "price_high_usd": 400,
  "price_mid_usd": 250,
  "currency": "USD",
  "included": "Botox injection per area",
  "notes": "Price varies by units",
  "confidence": "Medium",
  "source": "Market estimates",
  "caveats": "Standard treatment areas",
  "lat": 41.0082,
  "lng": 28.9784,
  "_id": "botox_istanbul"
}
{
  "procedure": "Botox",
  "category": "Cosmetic",
  "city": "Jacksonville",
  "country": "USA",
  "region": "North America",
  "price_low_usd": 100,
  "price_high_usd": 400,
  "price_mid_usd": 250,
  "currency": "USD",
  "included": "Botox injection per area",
  "notes": "Price varies by units",
  "confidence": "Medium",
  "source": "Market estimates",
  "caveats": "Standard treatment areas",
  "lat": 30.3322,
  "lng": -81.6557,
  "_id": "botox_jacksonville"
}
{
  "procedure": "Botox",
  "category": "Cosmetic",
  "city": "Kuala Lumpur",
  "country": "Malaysia",
  "region": "Southeast Asia",
  "price_low_usd": 100,
  "price_high_usd": 400,
  "price_mid_usd": 250,
  "currency": "USD",
  "included": "Botox injection per area",
  "notes": "Price varies by units",
  "confidence": "Medium",
  "source": "Market estimates",
  "caveats": "Standard treatment areas",
  "lat": 3.139,
  "lng": 101.6869,
  "_id": "botox_kuala_lumpur"
}
{
  "procedure": "Botox",
  "category": "Cosmetic",
  "city": "Lisbon",
  "country": "Portugal",
  "region": "Europe",
  "price_low_usd": 100,
  "price_high_usd": 400,
  "price_mid_usd": 250,
  "currency": "USD",
  "included": "Botox injection per area",
  "notes": "Price varies by units",
  "confidence": "Medium",
  "source": "Market estimates",
  "caveats": "Standard treatment areas",
  "lat": 38.7223,
  "lng": -9.1393,
  "_id": "botox_lisbon"
}
{
  "procedure": "Botox",
  "category": "Cosmetic",
  "city": "Ljubljana",
  "country": "Slovenia",
  "region": "Europe",
  "price_low_usd": 100,
  "price_high_usd": 400,
  "price_mid_usd": 250,
  "currency": "USD",
  "included": "Botox injection per area",
  "notes": "Price varies by units",
  "confidence": "Medium",
  "source": "Market estimates",
  "caveats": "Standard treatment areas",
  "lat": 46.0569,
  "lng": 14.5058,
  "_id": "botox_ljubljana"
}
{
  "procedure": "Botox",
  "category": "Cosmetic",
  "city": "London",
  "country": "UK",
  "region": "Europe",
  "price_low_usd": 100,
  "price_high_usd": 400,
  "price_mid_usd": 250,
  "currency": "USD",
  "included": "Botox injection per area",
  "notes": "Price varies by units",
  "confidence": "Medium",
  "source": "Market estimates",
  "caveats": "Standard treatment areas",
  "lat": 51.5074,
  "lng": -0.1278,
  "_id": "botox_london"
}
{
  "procedure": "Botox",
  "category": "Cosmetic",
  "city": "Los Angeles",
  "country": "USA",
  "region": "North America",
  "price_low_usd": 100,
  "price_high_usd": 400,
  "price_mid_usd": 250,
  "currency": "USD",
  "included": "Botox injection per area",
  "notes": "Price varies by units",
  "confidence": "Medium",
  "source": "Market estimates",
  "caveats": "Standard treatment areas",
  "lat": 34.0522,
  "lng": -118.2437,
  "_id": "botox_los_angeles"
}
{
  "procedure": "Botox",
  "category": "Cosmetic",
  "city": "Luxembourg",
  "country": "Luxembourg",
  "region": "Europe",
  "price_low_usd": 100,
  "price_high_usd": 400,
  "price_mid_usd": 250,
  "currency": "USD",
  "included": "Botox injection per area",
  "notes": "Price varies by units",
  "confidence": "Medium",
  "source": "Market estimates",
  "caveats": "Standard treatment areas",
  "lat": 49.6116,
  "lng": 6.1319,
  "_id": "botox_luxembourg"
}
{
  "procedure": "Botox",
  "category": "Cosmetic",
  "city": "Medellín",
  "country": "Colombia",
  "region": "Latin America",
  "price_low_usd": 100,
  "price_high_usd": 400,
  "price_mid_usd": 250,
  "currency": "USD",
  "included": "Botox injection per area",
  "notes": "Price varies by units",
  "confidence": "Medium",
  "source": "Market estimates",
  "caveats": "Standard treatment areas",
  "lat": 6.2442,
  "lng": -75.5812,
  "_id": "botox_medellín"
}
{
  "procedure": "Botox",
  "category": "Cosmetic",
  "city": "Melbourne",
  "country": "Australia",
  "region": "Oceania",
  "price_low_usd": 100,
  "price_high_usd": 400,
  "price_mid_usd": 250,
  "currency": "USD",
  "included": "Botox injection per area",
  "notes": "Price varies by units",
  "confidence": "Medium",
  "source": "Market estimates",
  "caveats": "Standard treatment areas",
  "lat": -37.8136,
  "lng": 144.9631,
  "_id": "botox_melbourne"
}
{
  "procedure": "Botox",
  "category": "Cosmetic",
  "city": "Mexico City",
  "country": "Mexico",
  "region": "Latin America",
  "price_low_usd": 100,
  "price_high_usd": 400,
  "price_mid_usd": 250,
  "currency": "USD",
  "included": "Botox injection per area",
  "notes": "Price varies by units",
  "confidence": "Medium",
  "source": "Market estimates",
  "caveats": "Standard treatment areas",
  "lat": 19.4326,
  "lng": -99.1332,
  "_id": "botox_mexico_city"
}
{
  "procedure": "Botox",
  "category": "Cosmetic",
  "city": "Moscow",
  "country": "Russia",
  "region": "Eastern Europe",
  "price_low_usd": 100,
  "price_high_usd": 400,
  "price_mid_usd": 250,
  "currency": "USD",
  "included": "Botox injection per area",
  "notes": "Price varies by units",
  "confidence": "Medium",
  "source": "Market estimates",
  "caveats": "Standard treatment areas",
  "lat": 55.7558,
  "lng": 37.6173,
  "_id": "botox_moscow"
}
{
  "procedure": "Botox",
  "category": "Cosmetic",
  "city": "Mumbai",
  "country": "India",
  "region": "South Asia",
  "price_low_usd": 100,
  "price_high_usd": 400,
  "price_mid_usd": 250,
  "currency": "USD",
  "included": "Botox injection per area",
  "notes": "Price varies by units",
  "confidence": "Medium",
  "source": "Market estimates",
  "caveats": "Standard treatment areas",
  "lat": 19.076,
  "lng": 72.8777,
  "_id": "botox_mumbai"
}
{
  "procedure": "Botox",
  "category": "Cosmetic",
  "city": "New York City",
  "country": "USA",
  "region": "North America",
  "price_low_usd": 100,
  "price_high_usd": 400,
  "price_mid_usd": 250,
  "currency": "USD",
  "included": "Botox injection per area",
  "notes": "Price varies by units",
  "confidence": "Medium",
  "source": "Market estimates",
  "caveats": "Standard treatment areas",
  "lat": 40.7128,
  "lng": -74.006,
  "_id": "botox_new_york_city"
}
{
  "procedure": "Botox",
  "category": "Cosmetic",
  "city": "Paris",
  "country": "France",
  "region": "Europe",
  "price_low_usd": 100,
  "price_high_usd": 400,
  "price_mid_usd": 250,
  "currency": "USD",
  "included": "Botox injection per area",
  "notes": "Price varies by units",
  "confidence": "Medium",
  "source": "Market estimates",
  "caveats": "Standard treatment areas",
  "lat": 48.8566,
  "lng": 2.3522,
  "_id": "botox_paris"
}
{
  "procedure": "Botox",
  "category": "Cosmetic",
  "city": "Philadelphia",
  "country": "USA",
  "region": "North America",
  "price_low_usd": 100,
  "price_high_usd": 400,
  "price_mid_usd": 250,
  "currency": "USD",
  "included": "Botox injection per area",
  "notes": "Price varies by units",
  "confidence": "Medium",
  "source": "Market estimates",
  "caveats": "Standard treatment areas",
  "lat": 39.9526,
  "lng": -75.1652,
  "_id": "botox_philadelphia"
}
{
  "procedure": "Botox",
  "category": "Cosmetic",
  "city": "Phoenix",
  "country": "USA",
  "region": "North America",
  "price_low_usd": 100,
  "price_high_usd": 400,
  "price_mid_usd": 250,
  "currency": "USD",
  "included": "Botox injection per area",
  "notes": "Price varies by units",
  "confidence": "Medium",
  "source": "Market estimates",
  "caveats": "Standard treatment areas",
  "lat": 33.4484,
  "lng": -112.074,
  "_id": "botox_phoenix"
}
{
  "procedure": "Botox",
  "category": "Cosmetic",
  "city": "Prague",
  "country": "Czech Republic",
  "region": "Europe",
  "price_low_usd": 100,
  "price_high_usd": 400,
  "price_mid_usd": 250,
  "currency": "USD",
  "included": "Botox injection per area",
  "notes": "Price varies by units",
  "confidence": "Medium",
  "source": "Market estimates",
  "caveats": "Standard treatment areas",
  "lat": 50.0755,
  "lng": 14.4378,
  "_id": "botox_prague"
}
{
  "procedure": "Botox",
  "category": "Cosmetic",
  "city": "Riga",
  "country": "Latvia",
  "region": "Europe",
  "price_low_usd": 100,
  "price_high_usd": 400,
  "price_mid_usd": 250,
  "currency": "USD",
  "included": "Botox injection per area",
  "notes": "Price varies by units",
  "confidence": "Medium",
  "source": "Market estimates",
  "caveats": "Standard treatment areas",
  "lat": 56.9496,
  "lng": 24.1052,
  "_id": "botox_riga"
}
{
  "procedure": "Botox",
  "category": "Cosmetic",
  "city": "Rio de Janeiro",
  "country": "Brazil",
  "region": "South America",
  "price_low_usd": 100,
  "price_high_usd": 400,
  "price_mid_usd": 250,
  "currency": "USD",
  "included": "Botox injection per area",
  "notes": "Price varies by units",
  "confidence": "Medium",
  "source": "Market estimates",
  "caveats": "Standard treatment areas",
  "lat": -22.9068,
  "lng": -43.1729,
  "_id": "botox_rio_de_janeiro"
}
{
  "procedure": "Botox",
  "category": "Cosmetic",
  "city": "Rome",
  "country": "Italy",
  "region": "Europe",
  "price_low_usd": 100,
  "price_high_usd": 400,
  "price_mid_usd": 250,
  "currency": "USD",
  "included": "Botox injection per area",
  "notes": "Price varies by units",
  "confidence": "Medium",
  "source": "Market estimates",
  "caveats": "Standard treatment areas",
  "lat": 41.9028,
  "lng": 12.4964,
  "_id": "botox_rome"
}
{
  "procedure": "Botox",
  "category": "Cosmetic",
  "city": "San Antonio",
  "country": "USA",
  "region": "North America",
  "price_low_usd": 100,
  "price_high_usd": 400,
  "price_mid_usd": 250,
  "currency": "USD",
  "included": "Botox injection per area",
  "notes": "Price varies by units",
  "confidence": "Medium",
  "source": "Market estimates",
  "caveats": "Standard treatment areas",
  "lat": 29.4241,
  "lng": -98.4936,
  "_id": "botox_san_antonio"
}
{
  "procedure": "Botox",
  "category": "Cosmetic",
  "city": "San Diego",
  "country": "USA",
  "region": "North America",
  "price_low_usd": 100,
  "price_high_usd": 400,
  "price_mid_usd": 250,
  "currency": "USD",
  "included": "Botox injection per area",
  "notes": "Price varies by units",
  "confidence": "Medium",
  "source": "Market estimates",
  "caveats": "Standard treatment areas",
  "lat": 32.7157,
  "lng": -117.1611,
  "_id": "botox_san_diego"
}
{
  "procedure": "Botox",
  "category": "Cosmetic",
  "city": "San Jose",
  "country": "USA",
  "region": "North America",
  "price_low_usd": 100,
  "price_high_usd": 400,
  "price_mid_usd": 250,
  "currency": "USD",
  "included": "Botox injection per area",
  "notes": "Price varies by units",
  "confidence": "Medium",
  "source": "Market estimates",
  "caveats": "Standard treatment areas",
  "lat": 37.3382,
  "lng": -121.8863,
  "_id": "botox_san_jose"
}
{
  "procedure": "Botox",
  "category": "Cosmetic",
  "city": "Seoul",
  "country": "South Korea",
  "region": "East Asia",
  "price_low_usd": 100,
  "price_high_usd": 400,
  "price_mid_usd": 250,
  "currency": "USD",
  "included": "Botox injection per area",
  "notes": "Price varies by units",
  "confidence": "Medium",
  "source": "Market estimates",
  "caveats": "Standard treatment areas",
  "lat": 37.5665,
  "lng": 126.978,
  "_id": "botox_seoul"
}
{
  "procedure": "Botox",
  "category": "Cosmetic",
  "city": "Shanghai",
  "country": "China",
  "region": "East Asia",
  "price_low_usd": 100,
  "price_high_usd": 400,
  "price_mid_usd": 250,
  "currency": "USD",
  "included": "Botox injection per area",
  "notes": "Price varies by units",
  "confidence": "Medium",
  "source": "Market estimates",
  "caveats": "Standard treatment areas",
  "lat": 31.2304,
  "lng": 121.4737,
  "_id": "botox_shanghai"
}
{
  "procedure": "Botox",
  "category": "Cosmetic",
  "city": "Sofia",
  "country": "Bulgaria",
  "region": "Europe",
  "price_low_usd": 100,
  "price_high_usd": 400,
  "price_mid_usd": 250,
  "currency": "USD",
  "included": "Botox injection per area",
  "notes": "Price varies by units",
  "confidence": "Medium",
  "source": "Market estimates",
  "caveats": "Standard treatment areas",
  "lat": 42.6977,
  "lng": 23.3219,
  "_id": "botox_sofia"
}
{
  "procedure": "Botox",
  "category": "Cosmetic",
  "city": "Stockholm",
  "country": "Sweden",
  "region": "Europe",
  "price_low_usd": 100,
  "price_high_usd": 400,
  "price_mid_usd": 250,
  "currency": "USD",
  "included": "Botox injection per area",
  "notes": "Price varies by units",
  "confidence": "Medium",
  "source": "Market estimates",
  "caveats": "Standard treatment areas",
  "lat": 59.3293,
  "lng": 18.0686,
  "_id": "botox_stockholm"
}
{
  "procedure": "Botox",
  "category": "Cosmetic",
  "city": "Sydney",
  "country": "Australia",
  "region": "Oceania",
  "price_low_usd": 100,
  "price_high_usd": 400,
  "price_mid_usd": 250,
  "currency": "USD",
  "included": "Botox injection per area",
  "notes": "Price varies by units",
  "confidence": "Medium",
  "source": "Market estimates",
  "caveats": "Standard treatment areas",
  "lat": -33.8688,
  "lng": 151.2093,
  "_id": "botox_sydney"
}
{
  "procedure": "Botox",
  "category": "Cosmetic",
  "city": "Taipei",
  "country": "Taiwan",
  "region": "East Asia",
  "price_low_usd": 100,
  "price_high_usd": 400,
  "price_mid_usd": 250,
  "currency": "USD",
  "included": "Botox injection per area",
  "notes": "Price varies by units",
  "confidence": "Medium",
  "source": "Market estimates",
  "caveats": "Standard treatment areas",
  "lat": 25.033,
  "lng": 121.5654,
  "_id": "botox_taipei"
}
{
  "procedure": "Botox",
  "category": "Cosmetic",
  "city": "Tallinn",
  "country": "Estonia",
  "region": "Europe",
  "price_low_usd": 100,
  "price_high_usd": 400,
  "price_mid_usd": 250,
  "currency": "USD",
  "included": "Botox injection per area",
  "notes": "Price varies by units",
  "confidence": "Medium",
  "source": "Market estimates",
  "caveats": "Standard treatment areas",
  "lat": 59.437,
  "lng": 24.7536,
  "_id": "botox_tallinn"
}
{
  "procedure": "Botox",
  "category": "Cosmetic",
  "city": "Tokyo",
  "country": "Japan",
  "region": "East Asia",
  "price_low_usd": 100,
  "price_high_usd": 400,
  "price_mid_usd": 250,
  "currency": "USD",
  "included": "Botox injection per area",
  "notes": "Price varies by units",
  "confidence": "Medium",
  "source": "Market estimates",
  "caveats": "Standard treatment areas",
  "lat": 35.6895,
  "lng": 139.6917,
  "_id": "botox_tokyo"
}
{
  "procedure": "Botox",
  "category": "Cosmetic",
  "city": "Toronto",
  "country": "Canada",
  "region": "North America",
  "price_low_usd": 100,
  "price_high_usd": 400,
  "price_mid_usd": 250,
  "currency": "USD",
  "included": "Botox injection per area",
  "notes": "Price varies by units",
  "confidence": "Medium",
  "source": "Market estimates",
  "caveats": "Standard treatment areas",
  "lat": 43.6532,
  "lng": -79.3832,
  "_id": "botox_toronto"
}
{
  "procedure": "Botox",
  "category": "Cosmetic",
  "city": "Vancouver",
  "country": "Canada",
  "region": "North America",
  "price_low_usd": 100,
  "price_high_usd": 400,
  "price_mid_usd": 250,
  "currency": "USD",
  "included": "Botox injection per area",
  "notes": "Price varies by units",
  "confidence": "Medium",
  "source": "Market estimates",
  "caveats": "Standard treatment areas",
  "lat": 49.2827,
  "lng": -123.1207,
  "_id": "botox_vancouver"
}
{
  "procedure": "Botox",
  "category": "Cosmetic",
  "city": "Vienna",
  "country": "Austria",
  "region": "Europe",
  "price_low_usd": 100,
  "price_high_usd": 400,
  "price_mid_usd": 250,
  "currency": "USD",
  "included": "Botox injection per area",
  "notes": "Price varies by units",
  "confidence": "Medium",
  "source": "Market estimates",
  "caveats": "Standard treatment areas",
  "lat": 48.2082,
  "lng": 16.3738,
  "_id": "botox_vienna"
}
{
  "procedure": "Botox",
  "category": "Cosmetic",
  "city": "Vilnius",
  "country": "Lithuania",
  "region": "Europe",
  "price_low_usd": 100,
  "price_high_usd": 400,
  "price_mid_usd": 250,
  "currency": "USD",
  "included": "Botox injection per area",
  "notes": "Price varies by units",
  "confidence": "Medium",
  "source": "Market estimates",
  "caveats": "Standard treatment areas",
  "lat": 54.6872,
  "lng": 25.2797,
  "_id": "botox_vilnius"
}
{
  "procedure": "Botox",
  "category": "Cosmetic",
  "city": "Warsaw",
  "country": "Poland",
  "region": "Europe",
  "price_low_usd": 100,
  "price_high_usd": 400,
  "price_mid_usd": 250,
  "currency": "USD",
  "included": "Botox injection per area",
  "notes": "Price varies by units",
  "confidence": "Medium",
  "source": "Market estimates",
  "caveats": "Standard treatment areas",
  "lat": 52.2297,
  "lng": 21.0122,
  "_id": "botox_warsaw"
}
{
  "procedure": "Botox",
  "category": "Cosmetic",
  "city": "Zagreb",
  "country": "Croatia",
  "region": "Europe",
  "price_low_usd": 100,
  "price_high_usd": 400,
  "price_mid_usd": 250,
  "currency": "USD",
  "included": "Botox injection per area",
  "notes": "Price varies by units",
  "confidence": "Medium",
  "source": "Market estimates",
  "caveats": "Standard treatment areas",
  "lat": 45.815,
  "lng": 15.9819,
  "_id": "botox_zagreb"
}
{
  "procedure": "Botox",
  "category": "Cosmetic",
  "city": "Zurich",
  "country": "Switzerland",
  "region": "Europe",
  "price_low_usd": 100,
  "price_high_usd": 400,
  "price_mid_usd": 250,
  "currency": "USD",
  "included": "Botox injection per area",
  "notes": "Price varies by units",
  "confidence": "Medium",
  "source": "Market estimates",
  "caveats": "Standard treatment areas",
  "lat": 47.3769,
  "lng": 8.5417,
  "_id": "botox_zurich"
}
{
  "city": "Almaty",
  "country": "Kazakhstan",
  "region": "Central Asia",
  "lat": 43.222,
  "lng": 76.8512
}
{
  "city": "Amsterdam",
  "country": "Netherlands",
  "region": "Europe",
  "lat": 52.3676,
  "lng": 4.9041
}
{
  "city": "Athens",
  "country": "Greece",
  "region": "Europe",
  "lat": 37.9838,
  "lng": 23.7275
}
{
  "city": "Austin",
  "country": "USA",
  "region": "North America",
  "lat": 30.2672,
  "lng": -97.7431
}
{
  "city": "Bangkok",
  "country": "Thailand",
  "region": "Southeast Asia",
  "lat": 13.7563,
  "lng": 100.5018
}
{
  "city": "Barcelona",
  "country": "Spain",
  "region": "Europe",
  "lat": 41.3851,
  "lng": 2.1734
}
{
  "city": "Berlin",
  "country": "Germany",
  "region": "Europe",
  "lat": 52.52,
  "lng": 13.405
}
{
  "city": "Bogotá",
  "country": "Colombia",
  "region": "Latin America",
  "lat": 4.711,
  "lng": -74.0721
}
{
  "city": "Bratislava",
  "country": "Slovakia",
  "region": "Europe",
  "lat": 48.1486,
  "lng": 17.1077
}
{
  "city": "Brussels",
  "country": "Belgium",
  "region": "Europe",
  "lat": 50.8503,
  "lng": 4.3517
}
{
  "city": "Bucharest",
  "country": "Romania",
  "region": "Europe",
  "lat": 44.4268,
  "lng": 26.1025
}
{
  "city": "Budapest",
  "country": "Hungary",
  "region": "Europe",
  "lat": 47.4979,
  "lng": 19.0402
}
{
  "city": "Buenos Aires",
  "country": "Argentina",
  "region": "South America",
  "lat": -34.6037,
  "lng": -58.3816
}
{
  "city": "Chicago",
  "country": "USA",
  "region": "North America",
  "lat": 41.8781,
  "lng": -87.6298
}
{
  "city": "Copenhagen",
  "country": "Denmark",
  "region": "Europe",
  "lat": 55.6761,
  "lng": 12.5683
}
{
  "city": "Dallas",
  "country": "USA",
  "region": "North America",
  "lat": 32.7767,
  "lng": -96.797
}
{
  "city": "Delhi",
  "country": "India",
  "region": "South Asia",
  "lat": 28.7041,
  "lng": 77.1025
}
{
  "city": "Dubai",
  "country": "UAE",
  "region": "Middle East",
  "lat": 25.2048,
  "lng": 55.2708
}
{
  "city": "Dublin",
  "country": "Ireland",
  "region": "Europe",
  "lat": 53.3498,
  "lng": -6.2603
}
{
  "city": "Helsinki",
  "country": "Finland",
  "region": "Europe",
  "lat": 60.1695,
  "lng": 24.9354
}
{
  "city": "Ho Chi Minh City",
  "country": "Vietnam",
  "region": "Southeast Asia",
  "lat": 10.8231,
  "lng": 106.6297
}
{
  "city": "Houston",
  "country": "USA",
  "region": "North America",
  "lat": 29.7604,
  "lng": -95.3698
}
{
  "city": "Istanbul",
  "country": "Turkey",
  "region": "Middle East / Europe",
  "lat": 41.0082,
  "lng": 28.9784
}
{
  "city": "Jacksonville",
  "country": "USA",
  "region": "North America",
  "lat": 30.3322,
  "lng": -81.6557
}
{
  "city": "Kuala Lumpur",
  "country": "Malaysia",
  "region": "Southeast Asia",
  "lat": 3.139,
  "lng": 101.6869
}
{
  "city": "Lisbon",
  "country": "Portugal",
  "region": "Europe",
  "lat": 38.7223,
  "lng": -9.1393
}
{
  "city": "Ljubljana",
  "country": "Slovenia",
  "region": "Europe",
  "lat": 46.0569,
  "lng": 14.5058
}
{
  "city": "London",
  "country": "UK",
  "region": "Europe",
  "lat": 51.5074,
  "lng": -0.1278
}
{
  "city": "Los Angeles",
  "country": "USA",
  "region": "North America",
  "lat": 34.0522,
  "lng": -118.2437
}
{
  "city": "Luxembourg",
  "country": "Luxembourg",
  "region": "Europe",
  "lat": 49.6116,
  "lng": 6.1319
}
{
  "city": "Medellín",
  "country": "Colombia",
  "region": "Latin America",
  "lat": 6.2442,
  "lng": -75.5812
}
{
  "city": "Melbourne",
  "country": "Australia",
  "region": "Oceania",
  "lat": -37.8136,
  "lng": 144.9631
}
{
  "city": "Mexico City",
  "country": "Mexico",
  "region": "Latin America",
  "lat": 19.4326,
  "lng": -99.1332
}
{
  "city": "Moscow",
  "country": "Russia",
  "region": "Eastern Europe",
  "lat": 55.7558,
  "lng": 37.6173
}
{
  "city": "Mumbai",
  "country": "India",
  "region": "South Asia",
  "lat": 19.076,
  "lng": 72.8777
}
{
  "city": "New York City",
  "country": "USA",
  "region": "North America",
  "lat": 40.7128,
  "lng": -74.006
}
{
  "city": "Paris",
  "country": "France",
  "region": "Europe",
  "lat": 48.8566,
  "lng": 2.3522
}
{
  "city": "Philadelphia",
  "country": "USA",
  "region": "North America",
  "lat": 39.9526,
  "lng": -75.1652
}
{
  "city": "Phoenix",
  "country": "USA",
  "region": "North America",
  "lat": 33.4484,
  "lng": -112.074
}
{
  "city": "Prague",
  "country": "Czech Republic",
  "region": "Europe",
  "lat": 50.0755,
  "lng": 14.4378
}
{
  "city": "Riga",
  "country": "Latvia",
  "region": "Europe",
  "lat": 56.9496,
  "lng": 24.1052
}
{
  "city": "Rio de Janeiro",
  "country": "Brazil",
  "region": "South America",
  "lat": -22.9068,
  "lng": -43.1729
}
{
  "city": "Rome",
  "country": "Italy",
  "region": "Europe",
  "lat": 41.9028,
  "lng": 12.4964
}
{
  "city": "San Antonio",
  "country": "USA",
  "region": "North America",
  "lat": 29.4241,
  "lng": -98.4936
}
{
  "city": "San Diego",
  "country": "USA",
  "region": "North America",
  "lat": 32.7157,
  "lng": -117.1611
}
{
  "city": "San Jose",
  "country": "USA",
  "region": "North America",
  "lat": 37.3382,
  "lng": -121.8863
}
{
  "city": "Seoul",
  "country": "South Korea",
  "region": "East Asia",
  "lat": 37.5665,
  "lng": 126.978
}
{
  "city": "Shanghai",
  "country": "China",
  "region": "East Asia",
  "lat": 31.2304,
  "lng": 121.4737
}
{
  "city": "Sofia",
  "country": "Bulgaria",
  "region": "Europe",
  "lat": 42.6977,
  "lng": 23.3219
}
{
  "city": "Stockholm",
  "country": "Sweden",
  "region": "Europe",
  "lat": 59.3293,
  "lng": 18.0686
}
{
  "city": "Sydney",
  "country": "Australia",
  "region": "Oceania",
  "lat": -33.8688,
  "lng": 151.2093
}
{
  "city": "Taipei",
  "country": "Taiwan",
  "region": "East Asia",
  "lat": 25.033,
  "lng": 121.5654
}
{
  "city": "Tallinn",
  "country": "Estonia",
  "region": "Europe",
  "lat": 59.437,
  "lng": 24.7536
}
{
  "city": "Tokyo",
  "country": "Japan",
  "region": "East Asia",
  "lat": 35.6895,
  "lng": 139.6917
}
{
  "city": "Toronto",
  "country": "Canada",
  "region": "North America",
  "lat": 43.6532,
  "lng": -79.3832
}
{
  "city": "Vancouver",
  "country": "Canada",
  "region": "North America",
  "lat": 49.2827,
  "lng": -123.1207
}
{
  "city": "Vienna",
  "country": "Austria",
  "region": "Europe",
  "lat": 48.2082,
  "lng": 16.3738
}
{
  "city": "Vilnius",
  "country": "Lithuania",
  "region": "Europe",
  "lat": 54.6872,
  "lng": 25.2797
}
{
  "city": "Warsaw",
  "country": "Poland",
  "region": "Europe",
  "lat": 52.2297,
  "lng": 21.0122
}
{
  "city": "Zagreb",
  "country": "Croatia",
  "region": "Europe",
  "lat": 45.815,
  "lng": 15.9819
}
{
  "city": "Zurich",
  "country": "Switzerland",
  "region": "Europe",
  "lat": 47.3769,
  "lng": 8.5417
}
